-- MySQL dump 10.13  Distrib 8.0.13, for Win64 (x86_64)
--
-- Host: localhost    Database: exam_online_test
-- ------------------------------------------------------
-- Server version	8.0.13

/*!40101 SET @OLD_CHARACTER_SET_CLIENT=@@CHARACTER_SET_CLIENT */;
/*!40101 SET @OLD_CHARACTER_SET_RESULTS=@@CHARACTER_SET_RESULTS */;
/*!40101 SET @OLD_COLLATION_CONNECTION=@@COLLATION_CONNECTION */;
 SET NAMES utf8 ;
/*!40103 SET @OLD_TIME_ZONE=@@TIME_ZONE */;
/*!40103 SET TIME_ZONE='+00:00' */;
/*!40014 SET @OLD_UNIQUE_CHECKS=@@UNIQUE_CHECKS, UNIQUE_CHECKS=0 */;
/*!40014 SET @OLD_FOREIGN_KEY_CHECKS=@@FOREIGN_KEY_CHECKS, FOREIGN_KEY_CHECKS=0 */;
/*!40101 SET @OLD_SQL_MODE=@@SQL_MODE, SQL_MODE='NO_AUTO_VALUE_ON_ZERO' */;
/*!40111 SET @OLD_SQL_NOTES=@@SQL_NOTES, SQL_NOTES=0 */;

--
-- Table structure for table `eo_admin`
--

DROP TABLE IF EXISTS `eo_admin`;
/*!40101 SET @saved_cs_client     = @@character_set_client */;
 SET character_set_client = utf8mb4 ;
CREATE TABLE `eo_admin` (
  `id` int(11) NOT NULL AUTO_INCREMENT,
  `username` char(20) NOT NULL,
  `password` varchar(20) NOT NULL,
  PRIMARY KEY (`id`),
  UNIQUE KEY `username_UNIQUE` (`username`)
) ENGINE=InnoDB AUTO_INCREMENT=3 DEFAULT CHARSET=utf8mb4 COLLATE=utf8mb4_0900_ai_ci;
/*!40101 SET character_set_client = @saved_cs_client */;

--
-- Dumping data for table `eo_admin`
--

LOCK TABLES `eo_admin` WRITE;
/*!40000 ALTER TABLE `eo_admin` DISABLE KEYS */;
INSERT INTO `eo_admin` VALUES (1,'admin','12345');
/*!40000 ALTER TABLE `eo_admin` ENABLE KEYS */;
UNLOCK TABLES;

--
-- Table structure for table `eo_log`
--

DROP TABLE IF EXISTS `eo_log`;
/*!40101 SET @saved_cs_client     = @@character_set_client */;
 SET character_set_client = utf8mb4 ;
CREATE TABLE `eo_log` (
  `id` int(11) NOT NULL AUTO_INCREMENT,
  `operator` varchar(20) NOT NULL,
  `operation` varchar(20) NOT NULL,
  `time` datetime NOT NULL,
  PRIMARY KEY (`id`)
) ENGINE=InnoDB AUTO_INCREMENT=170 DEFAULT CHARSET=utf8mb4 COLLATE=utf8mb4_0900_ai_ci;
/*!40101 SET character_set_client = @saved_cs_client */;

--
-- Dumping data for table `eo_log`
--

LOCK TABLES `eo_log` WRITE;
/*!40000 ALTER TABLE `eo_log` DISABLE KEYS */;
INSERT INTO `eo_log` VALUES (7,'李四','登录系统','2021-04-30 03:56:15'),(11,'张三','登录系统','2021-04-26 00:10:39'),(12,'李四','登录系统','2021-04-26 00:56:40'),(13,'张三','登录系统','2021-05-12 17:18:27'),(14,'张三','修改密码','2021-04-26 00:01:06'),(15,'王五','登录系统','2021-04-26 00:06:55'),(16,'张三','修改密码','2021-05-12 09:50:27'),(17,'张三','登录系统','2021-04-26 00:00:25'),(18,'王五','登录系统','2021-04-30 19:12:19'),(19,'张三','登录系统','2021-04-28 12:02:41'),(20,'李四','登录系统','2021-04-26 00:57:34'),(21,'李四','修改密码','2021-04-26 02:09:09'),(22,'张三','登录系统','2021-05-13 08:43:20'),(23,'王五','登录系统','2021-04-26 02:25:46'),(24,'王五','登录系统','2021-05-12 21:48:53'),(25,'张三','修改密码','2021-04-26 00:00:10'),(26,'李四','修改密码','2021-05-17 17:26:07'),(27,'王五','登录系统','2021-05-07 03:53:10'),(29,'王五','登录系统','2021-05-12 18:26:55'),(30,'张三','修改密码','2021-05-11 17:12:51'),(31,'李四','登录系统','2021-04-26 00:00:04'),(32,'张三','修改密码','2021-04-29 12:19:18'),(33,'张三','登录系统','2021-04-26 00:16:31'),(34,'王五','登录系统','2021-05-05 08:07:47'),(36,'张三','修改密码','2021-04-30 18:40:52'),(39,'王五','修改密码','2021-04-26 00:10:02'),(40,'王五','登录系统','2021-04-26 01:59:55'),(42,'张三','修改密码','2021-04-26 00:00:38'),(43,'张三','登录系统','2021-04-26 00:00:13'),(44,'王五','登录系统','2021-05-14 17:50:32'),(45,'张三','修改密码','2021-05-11 16:50:13'),(46,'张三','登录系统','2021-05-20 03:07:25'),(47,'张三','修改密码','2021-04-26 00:05:07'),(48,'张三','登录系统','2021-05-04 14:13:21'),(49,'张三','修改密码','2021-04-26 00:07:20'),(50,'王五','登录系统','2021-05-11 18:04:58'),(51,'admin','登录系统','2021-05-20 10:15:14'),(52,'admin','登录系统','2021-05-20 10:15:22'),(53,'admin','禁用教师','2021-05-20 10:15:30'),(54,'admin','查询日志','2021-05-20 10:15:38'),(55,'admin','查询日志','2021-05-20 10:15:39'),(56,'admin','查询日志','2021-05-20 10:15:39'),(57,'admin','登录系统','2021-05-20 10:17:01'),(58,'admin','解禁教师','2021-05-20 10:17:12'),(59,'admin','登录系统','2021-05-20 10:18:14'),(60,'admin','登录系统','2021-05-20 10:18:18'),(61,'admin','登录系统','2021-05-20 10:19:05'),(62,'admin','查询日志','2021-05-20 10:19:18'),(63,'admin','查询日志','2021-05-20 10:19:24'),(64,'史烟枫','新建试题','2021-05-20 10:30:35'),(65,'史烟枫','查询试题','2021-05-20 10:30:35'),(66,'史烟枫','查询试题','2021-05-20 10:34:09'),(67,'史烟枫','修改试题','2021-05-20 10:34:23'),(68,'史烟枫','查询试题','2021-05-20 10:34:23'),(69,'admin','登录系统','2021-05-20 10:37:06'),(71,'admin','查询日志','2021-05-20 10:37:27'),(72,'admin','删除日志','2021-05-20 10:37:57'),(74,'admin','查询日志','2021-05-20 10:37:57'),(76,'admin','删除日志','2021-05-20 10:37:59'),(77,'admin','查询日志','2021-05-20 10:37:59'),(79,'admin','查询日志','2021-05-20 10:38:02'),(81,'admin','查询日志','2021-05-20 10:38:09'),(82,'admin','删除日志','2021-05-20 10:38:13'),(83,'admin','查询日志','2021-05-20 10:38:13'),(84,'admin','登录系统','2021-05-20 10:38:30'),(85,'史烟枫','发布考试','2021-05-20 10:42:42'),(86,'史烟枫','发布考试','2021-05-20 10:58:58'),(87,'史烟枫','发布考试','2021-05-20 11:01:08'),(88,'史烟枫','发布考试','2021-05-20 11:02:44'),(89,'史烟枫','发布考试','2021-05-20 17:39:42'),(90,'史烟枫','新建试题','2021-05-20 17:43:53'),(91,'史烟枫','查询试题','2021-05-20 17:43:53'),(92,'史烟枫','删除试题','2021-05-20 17:44:07'),(93,'史烟枫','查询试题','2021-05-20 17:44:07'),(94,'史烟枫','查询试题','2021-05-20 17:44:15'),(95,'史烟枫','查询试题','2021-05-20 17:44:24'),(99,'admin','登录系统','2021-05-20 17:45:08'),(100,'admin','查询日志','2021-05-20 17:45:20'),(101,'admin','查询日志','2021-05-20 17:45:28'),(102,'admin','查询日志','2021-05-20 17:45:34'),(103,'admin','查询日志','2021-05-20 17:45:40'),(104,'admin','查询日志','2021-05-20 17:45:43'),(105,'admin','删除日志','2021-05-20 17:45:47'),(106,'admin','查询日志','2021-05-20 17:45:47'),(107,'admin','删除日志','2021-05-20 17:45:49'),(108,'admin','查询日志','2021-05-20 17:45:49'),(109,'admin','删除日志','2021-05-20 17:45:51'),(110,'admin','查询日志','2021-05-20 17:45:51'),(111,'admin','禁用教师','2021-05-20 17:46:11'),(112,'admin','登录系统','2021-05-20 17:46:27'),(113,'admin','新增学生','2021-05-20 17:46:56'),(114,'admin','筛选学生','2021-05-20 17:47:11'),(115,'admin','筛选学生','2021-05-20 17:47:14'),(116,'史烟枫','发布考试','2021-05-20 17:54:43'),(117,'史烟枫','发布考试','2021-05-20 18:00:43'),(118,'史烟枫','新建试题','2021-05-20 18:02:56'),(119,'史烟枫','查询试题','2021-05-20 18:02:57'),(120,'史烟枫','删除试题','2021-05-20 18:03:07'),(121,'史烟枫','查询试题','2021-05-20 18:03:07'),(122,'史烟枫','查询试题','2021-05-20 18:03:16'),(123,'史烟枫','查询试题','2021-05-20 18:03:21'),(124,'史烟枫','删除试题','2021-05-20 18:03:46'),(125,'史烟枫','查询试题','2021-05-20 18:03:47'),(126,'史烟枫','查询试题','2021-05-20 18:03:56'),(127,'史烟枫','删除试题','2021-05-20 18:04:09'),(128,'史烟枫','查询试题','2021-05-20 18:04:09'),(129,'史烟枫','删除试题','2021-05-20 18:04:12'),(130,'史烟枫','查询试题','2021-05-20 18:04:12'),(131,'史烟枫','删除试题','2021-05-20 18:04:15'),(132,'史烟枫','查询试题','2021-05-20 18:04:15'),(133,'史烟枫','删除试题','2021-05-20 18:04:17'),(135,'admin','登录系统','2021-05-20 18:04:44'),(136,'admin','删除日志','2021-05-20 18:04:57'),(137,'admin','查询日志','2021-05-20 18:04:57'),(138,'史烟枫','发布考试','2021-05-21 01:58:51'),(139,'史烟枫','发布考试','2021-05-21 02:07:15'),(140,'史烟枫','新建试题','2021-05-21 02:10:10'),(141,'史烟枫','查询试题','2021-05-21 02:10:10'),(143,'admin','登录系统','2021-05-21 02:11:23'),(145,'admin','查询日志','2021-05-21 02:11:44'),(146,'admin','删除日志','2021-05-21 02:11:46'),(147,'admin','查询日志','2021-05-21 02:11:46'),(148,'admin','查询日志','2021-05-21 02:11:57'),(149,'admin','查询日志','2021-05-21 02:11:59'),(150,'admin','新增教师','2021-05-21 02:12:28'),(151,'admin','删除学生','2021-05-21 02:13:25'),(152,'admin','登录系统','2021-05-21 02:13:34'),(153,'admin','禁用教师','2021-05-21 02:13:41'),(154,'admin','解禁教师','2021-05-21 02:13:43'),(155,'admin','禁用教师','2021-05-21 02:14:09'),(156,'admin','筛选学生','2021-05-21 02:14:39'),(157,'admin','修改学生信息','2021-05-21 02:14:50'),(158,'admin','禁用学生','2021-05-21 02:15:01'),(159,'admin','解禁学生','2021-05-21 02:15:04'),(160,'史烟枫','发布考试','2021-05-21 02:34:19'),(161,'史烟枫','发布考试','2021-05-21 02:38:44'),(162,'史烟枫','查询试题','2021-05-21 02:40:59'),(163,'admin','登录系统','2021-05-21 02:41:38'),(164,'admin','解禁教师','2021-05-21 02:42:23'),(165,'admin','解禁教师','2021-05-21 02:42:29'),(166,'admin','禁用教师','2021-05-21 02:42:31'),(167,'admin','筛选学生','2021-05-21 02:43:04'),(168,'admin','禁用学生','2021-05-21 02:43:11'),(169,'admin','解禁学生','2021-05-21 02:43:14');
/*!40000 ALTER TABLE `eo_log` ENABLE KEYS */;
UNLOCK TABLES;

--
-- Table structure for table `eo_paper_question`
--

DROP TABLE IF EXISTS `eo_paper_question`;
/*!40101 SET @saved_cs_client     = @@character_set_client */;
 SET character_set_client = utf8mb4 ;
CREATE TABLE `eo_paper_question` (
  `id` int(11) NOT NULL AUTO_INCREMENT,
  `index` int(4) DEFAULT NULL,
  `testpaper_id` int(11) NOT NULL,
  `question_id` int(11) NOT NULL,
  `full_score` char(5) NOT NULL,
  `score` char(5) DEFAULT '0',
  `student_answer` varchar(255) DEFAULT NULL,
  `comment` varchar(100) DEFAULT NULL,
  PRIMARY KEY (`id`)
) ENGINE=InnoDB AUTO_INCREMENT=2597 DEFAULT CHARSET=utf8mb4 COLLATE=utf8mb4_0900_ai_ci;
/*!40101 SET character_set_client = @saved_cs_client */;

--
-- Dumping data for table `eo_paper_question`
--

LOCK TABLES `eo_paper_question` WRITE;
/*!40000 ALTER TABLE `eo_paper_question` DISABLE KEYS */;
INSERT INTO `eo_paper_question` VALUES (1,1,0,21,'4','4',NULL,NULL),(2,2,0,36,'4','4',NULL,NULL),(3,3,0,1,'4','4',NULL,NULL),(4,4,0,25,'4','4',NULL,NULL),(5,5,0,71,'4','4',NULL,NULL),(6,6,0,32,'4','4',NULL,NULL),(7,7,0,35,'4','4',NULL,NULL),(8,8,0,31,'4','4',NULL,NULL),(9,9,0,40,'4','4',NULL,NULL),(10,10,0,38,'4','4',NULL,NULL),(11,11,0,42,'4','4',NULL,NULL),(12,12,0,43,'4','4',NULL,NULL),(13,13,0,41,'4','4',NULL,NULL),(14,14,0,45,'4','4',NULL,NULL),(15,15,0,47,'4','4',NULL,NULL),(16,16,0,23,'4','4',NULL,NULL),(17,17,0,49,'4','4',NULL,NULL),(18,18,0,59,'4','4',NULL,NULL),(19,19,0,57,'4','4',NULL,NULL),(20,20,0,55,'4','4',NULL,NULL),(21,21,0,62,'5','5',NULL,NULL),(22,22,0,61,'5','5',NULL,NULL),(23,23,0,68,'5','5',NULL,NULL),(24,24,0,65,'5','5',NULL,NULL),(265,1,0,33,'3','3',NULL,NULL),(266,2,0,32,'3','3',NULL,NULL),(267,3,0,43,'4','4',NULL,NULL),(268,4,0,45,'4','4',NULL,NULL),(269,5,0,48,'1','1',NULL,NULL),(270,6,0,59,'1','1',NULL,NULL),(271,7,0,55,'1','1',NULL,NULL),(272,8,0,60,'3','3',NULL,NULL),(273,9,0,66,'3','3',NULL,NULL),(274,10,0,65,'3','3',NULL,NULL),(375,1,0,25,'5','5',NULL,NULL),(376,2,0,21,'5','5',NULL,NULL),(377,3,0,30,'5','5',NULL,NULL),(378,4,0,40,'5','5',NULL,NULL),(379,5,0,43,'5','5',NULL,NULL),(380,6,0,44,'5','5',NULL,NULL),(381,7,0,48,'4','4',NULL,NULL),(382,8,0,59,'4','4',NULL,NULL),(383,9,0,58,'4','4',NULL,NULL),(384,10,0,51,'4','4',NULL,NULL),(385,11,0,55,'4','4',NULL,NULL),(386,12,0,62,'10','10',NULL,NULL),(387,13,0,60,'10','10',NULL,NULL),(388,14,0,68,'10','10',NULL,NULL),(389,15,0,66,'10','10',NULL,NULL),(390,16,0,65,'10','10',NULL,NULL),(551,1,0,21,'1','1',NULL,NULL),(552,2,0,29,'1','1',NULL,NULL),(553,3,0,42,'1','1',NULL,NULL),(554,4,0,48,'2','2',NULL,NULL),(555,5,0,57,'2','2',NULL,NULL),(556,6,0,62,'3','3',NULL,NULL),(557,7,0,64,'3','3',NULL,NULL),(628,1,0,70,'3','3',NULL,NULL),(629,2,0,34,'3','3',NULL,NULL),(630,3,0,40,'3','3',NULL,NULL),(631,4,0,41,'3','3',NULL,NULL),(632,5,0,46,'3','3',NULL,NULL),(633,6,0,27,'3','3',NULL,NULL),(634,7,0,57,'3','3',NULL,NULL),(635,8,0,51,'3','3',NULL,NULL),(636,9,0,62,'6','6',NULL,NULL),(637,10,0,68,'6','6',NULL,NULL),(638,11,0,64,'6','6',NULL,NULL),(749,1,0,21,'2','2',NULL,NULL),(750,2,0,32,'2','2',NULL,NULL),(751,3,0,39,'2','2',NULL,NULL),(752,4,0,42,'2','2',NULL,NULL),(753,5,0,46,'2','2',NULL,NULL),(754,6,0,49,'2','2',NULL,NULL),(755,7,0,58,'2','2',NULL,NULL),(756,8,0,55,'2','2',NULL,NULL),(757,9,0,61,'1','1',NULL,NULL),(758,10,0,66,'1','1',NULL,NULL),(859,1,0,21,'1','1',NULL,NULL),(860,2,0,28,'1','1',NULL,NULL),(861,3,0,31,'1','1',NULL,NULL),(862,4,0,43,'1','1',NULL,NULL),(863,5,0,46,'1','1',NULL,NULL),(864,6,0,48,'1','1',NULL,NULL),(865,7,0,59,'1','1',NULL,NULL),(866,8,0,55,'1','1',NULL,NULL),(867,9,0,62,'1','1',NULL,NULL),(868,10,0,68,'1','1',NULL,NULL),(969,1,0,70,'1','0',NULL,NULL),(970,2,0,35,'1','0',NULL,NULL),(971,3,0,72,'1','0',NULL,NULL),(972,4,0,42,'1','0',NULL,NULL),(973,5,0,49,'1','0',NULL,NULL),(974,6,0,57,'1','0',NULL,NULL),(975,7,0,62,'1','0',NULL,NULL),(1046,1,0,37,'5','0',NULL,NULL),(1047,2,0,1,'5','0',NULL,NULL),(1048,3,0,34,'5','0',NULL,NULL),(1049,4,0,72,'5','0',NULL,NULL),(1050,5,0,43,'5','0',NULL,NULL),(1051,6,0,42,'5','0',NULL,NULL),(1052,7,0,46,'5','0',NULL,NULL),(1053,8,0,45,'5','0',NULL,NULL),(1054,9,0,48,'5','0',NULL,NULL),(1055,10,0,23,'5','0',NULL,NULL),(1056,11,0,57,'5','0',NULL,NULL),(1057,12,0,56,'5','0',NULL,NULL),(1058,13,0,51,'5','0',NULL,NULL),(1059,14,0,60,'7','0',NULL,NULL),(1060,15,0,62,'7','0',NULL,NULL),(1061,16,0,63,'7','0',NULL,NULL),(1062,17,0,66,'7','0',NULL,NULL),(1063,18,0,65,'7','0',NULL,NULL),(1064,1,81,33,'5','0',NULL,NULL),(1065,2,81,22,'5','0',NULL,NULL),(1066,3,81,29,'5','0',NULL,NULL),(1067,4,81,72,'5','0',NULL,NULL),(1068,5,81,43,'5','0',NULL,NULL),(1069,6,81,42,'5','0',NULL,NULL),(1070,7,81,47,'5','0',NULL,NULL),(1071,8,81,46,'5','0',NULL,NULL),(1072,9,81,49,'5','0',NULL,NULL),(1073,10,81,48,'5','0',NULL,NULL),(1074,11,81,58,'5','0',NULL,NULL),(1075,12,81,56,'5','0',NULL,NULL),(1076,13,81,55,'5','0',NULL,NULL),(1077,14,81,61,'7','0',NULL,NULL),(1078,15,81,62,'7','0',NULL,NULL),(1079,16,81,68,'7','0',NULL,NULL),(1080,17,81,66,'7','0',NULL,NULL),(1081,18,81,64,'7','0',NULL,NULL),(1082,1,82,26,'5','0',NULL,NULL),(1083,2,82,37,'5','0',NULL,NULL),(1084,3,82,28,'5','0',NULL,NULL),(1085,4,82,72,'5','0',NULL,NULL),(1086,5,82,41,'5','0',NULL,NULL),(1087,6,82,43,'5','0',NULL,NULL),(1088,7,82,46,'5','0',NULL,NULL),(1089,8,82,44,'5','0',NULL,NULL),(1090,9,82,48,'5','0',NULL,NULL),(1091,10,82,23,'5','0',NULL,NULL),(1092,11,82,59,'5','0',NULL,NULL),(1093,12,82,58,'5','0',NULL,NULL),(1094,13,82,51,'5','0',NULL,NULL),(1095,14,82,60,'7','0',NULL,NULL),(1096,15,82,61,'7','0',NULL,NULL),(1097,16,82,66,'7','0',NULL,NULL),(1098,17,82,68,'7','0',NULL,NULL),(1099,18,82,64,'7','0',NULL,NULL),(1100,1,83,22,'5','0',NULL,NULL),(1101,2,83,36,'5','0',NULL,NULL),(1102,3,83,79,'5','0',NULL,NULL),(1103,4,83,39,'5','0',NULL,NULL),(1104,5,83,43,'5','0',NULL,NULL),(1105,6,83,42,'5','0',NULL,NULL),(1106,7,83,45,'5','0',NULL,NULL),(1107,8,83,46,'5','0',NULL,NULL),(1108,9,83,27,'5','0',NULL,NULL),(1109,10,83,48,'5','0',NULL,NULL),(1110,11,83,59,'5','0',NULL,NULL),(1111,12,83,58,'5','0',NULL,NULL),(1112,13,83,55,'5','0',NULL,NULL),(1113,14,83,60,'7','0',NULL,NULL),(1114,15,83,61,'7','0',NULL,NULL),(1115,16,83,68,'7','0',NULL,NULL),(1116,17,83,66,'7','0',NULL,NULL),(1117,18,83,10,'7','0',NULL,NULL),(1118,1,84,22,'5','0',NULL,NULL),(1119,2,84,21,'5','0',NULL,NULL),(1120,3,84,29,'5','0',NULL,NULL),(1121,4,84,31,'5','0',NULL,NULL),(1122,5,84,43,'5','0',NULL,NULL),(1123,6,84,41,'5','0',NULL,NULL),(1124,7,84,46,'5','0',NULL,NULL),(1125,8,84,44,'5','0',NULL,NULL),(1126,9,84,23,'5','0',NULL,NULL),(1127,10,84,27,'5','0',NULL,NULL),(1128,11,84,56,'5','0',NULL,NULL),(1129,12,84,57,'5','0',NULL,NULL),(1130,13,84,55,'5','0',NULL,NULL),(1131,14,84,62,'7','0',NULL,NULL),(1132,15,84,60,'7','0',NULL,NULL),(1133,16,84,68,'7','0',NULL,NULL),(1134,17,84,66,'7','0',NULL,NULL),(1135,18,84,65,'7','0',NULL,NULL),(1136,1,85,25,'5','0',NULL,NULL),(1137,2,85,21,'5','0',NULL,NULL),(1138,3,85,30,'5','0',NULL,NULL),(1139,4,85,31,'5','0',NULL,NULL),(1140,5,85,41,'5','0',NULL,NULL),(1141,6,85,43,'5','0',NULL,NULL),(1142,7,85,46,'5','0',NULL,NULL),(1143,8,85,44,'5','0',NULL,NULL),(1144,9,85,49,'5','0',NULL,NULL),(1145,10,85,23,'5','0',NULL,NULL),(1146,11,85,59,'5','0',NULL,NULL),(1147,12,85,57,'5','0',NULL,NULL),(1148,13,85,51,'5','0',NULL,NULL),(1149,14,85,60,'7','0',NULL,NULL),(1150,15,85,62,'7','0',NULL,NULL),(1151,16,85,66,'7','0',NULL,NULL),(1152,17,85,68,'7','0',NULL,NULL),(1153,18,85,65,'7','0',NULL,NULL),(1154,1,86,21,'5','0',NULL,NULL),(1155,2,86,70,'5','0',NULL,NULL),(1156,3,86,79,'5','0',NULL,NULL),(1157,4,86,72,'5','0',NULL,NULL),(1158,5,86,42,'5','0',NULL,NULL),(1159,6,86,43,'5','0',NULL,NULL),(1160,7,86,44,'5','0',NULL,NULL),(1161,8,86,46,'5','0',NULL,NULL),(1162,9,86,48,'5','0',NULL,NULL),(1163,10,86,27,'5','0',NULL,NULL),(1164,11,86,58,'5','0',NULL,NULL),(1165,12,86,59,'5','0',NULL,NULL),(1166,13,86,51,'5','0',NULL,NULL),(1167,14,86,61,'7','0',NULL,NULL),(1168,15,86,62,'7','0',NULL,NULL),(1169,16,86,63,'7','0',NULL,NULL),(1170,17,86,68,'7','0',NULL,NULL),(1171,18,86,10,'7','0',NULL,NULL),(1172,1,87,33,'5','0',NULL,NULL),(1173,2,87,22,'5','0',NULL,NULL),(1174,3,87,79,'5','0',NULL,NULL),(1175,4,87,40,'5','0',NULL,NULL),(1176,5,87,43,'5','0',NULL,NULL),(1177,6,87,42,'5','0',NULL,NULL),(1178,7,87,44,'5','0',NULL,NULL),(1179,8,87,47,'5','0',NULL,NULL),(1180,9,87,48,'5','0',NULL,NULL),(1181,10,87,50,'5','0',NULL,NULL),(1182,11,87,57,'5','0',NULL,NULL),(1183,12,87,58,'5','0',NULL,NULL),(1184,13,87,51,'5','0',NULL,NULL),(1185,14,87,62,'7','0',NULL,NULL),(1186,15,87,61,'7','0',NULL,NULL),(1187,16,87,66,'7','0',NULL,NULL),(1188,17,87,63,'7','0',NULL,NULL),(1189,18,87,64,'7','0',NULL,NULL),(1190,1,88,25,'5','0',NULL,NULL),(1191,2,88,36,'5','0',NULL,NULL),(1192,3,88,35,'5','0',NULL,NULL),(1193,4,88,31,'5','0',NULL,NULL),(1194,5,88,42,'5','0',NULL,NULL),(1195,6,88,41,'5','0',NULL,NULL),(1196,7,88,44,'5','0',NULL,NULL),(1197,8,88,45,'5','0',NULL,NULL),(1198,9,88,50,'5','0',NULL,NULL),(1199,10,88,49,'5','0',NULL,NULL),(1200,11,88,59,'5','0',NULL,NULL),(1201,12,88,56,'5','0',NULL,NULL),(1202,13,88,51,'5','0',NULL,NULL),(1203,14,88,62,'7','0',NULL,NULL),(1204,15,88,60,'7','0',NULL,NULL),(1205,16,88,63,'7','0',NULL,NULL),(1206,17,88,66,'7','0',NULL,NULL),(1207,18,88,10,'7','0',NULL,NULL),(1208,1,89,26,'5','0',NULL,NULL),(1209,2,89,1,'5','0',NULL,NULL),(1210,3,89,71,'5','0',NULL,NULL),(1211,4,89,38,'5','0',NULL,NULL),(1212,5,89,41,'5','0',NULL,NULL),(1213,6,89,42,'5','0',NULL,NULL),(1214,7,89,47,'5','0',NULL,NULL),(1215,8,89,46,'5','0',NULL,NULL),(1216,9,89,23,'5','0',NULL,NULL),(1217,10,89,49,'5','0',NULL,NULL),(1218,11,89,56,'5','0',NULL,NULL),(1219,12,89,58,'5','0',NULL,NULL),(1220,13,89,55,'5','0',NULL,NULL),(1221,14,89,61,'7','0',NULL,NULL),(1222,15,89,60,'7','0',NULL,NULL),(1223,16,89,68,'7','0',NULL,NULL),(1224,17,89,66,'7','0',NULL,NULL),(1225,18,89,65,'7','0',NULL,NULL),(1226,1,90,1,'5','0',NULL,NULL),(1227,2,90,70,'5','0',NULL,NULL),(1228,3,90,35,'5','0',NULL,NULL),(1229,4,90,72,'5','0',NULL,NULL),(1230,5,90,41,'5','0',NULL,NULL),(1231,6,90,43,'5','0',NULL,NULL),(1232,7,90,46,'5','0',NULL,NULL),(1233,8,90,44,'5','0',NULL,NULL),(1234,9,90,23,'5','0',NULL,NULL),(1235,10,90,48,'5','0',NULL,NULL),(1236,11,90,58,'5','0',NULL,NULL),(1237,12,90,56,'5','0',NULL,NULL),(1238,13,90,51,'5','0',NULL,NULL),(1239,14,90,61,'7','0',NULL,NULL),(1240,15,90,62,'7','0',NULL,NULL),(1241,16,90,68,'7','0',NULL,NULL),(1242,17,90,63,'7','0',NULL,NULL),(1243,18,90,64,'7','0',NULL,NULL),(1244,1,0,1,'5','0',NULL,NULL),(1245,2,0,24,'5','0',NULL,NULL),(1246,3,0,22,'5','0',NULL,NULL),(1247,4,0,71,'5','0',NULL,NULL),(1248,5,0,30,'5','0',NULL,NULL),(1249,6,0,39,'5','0',NULL,NULL),(1250,7,0,42,'5','0',NULL,NULL),(1251,8,0,41,'5','0',NULL,NULL),(1252,9,0,46,'5','0',NULL,NULL),(1253,10,0,44,'5','0',NULL,NULL),(1254,11,0,49,'4','0',NULL,NULL),(1255,12,0,50,'4','0',NULL,NULL),(1256,13,0,57,'4','0',NULL,NULL),(1257,14,0,58,'4','0',NULL,NULL),(1258,15,0,51,'4','0',NULL,NULL),(1259,16,0,61,'10','0',NULL,NULL),(1260,17,0,68,'10','0',NULL,NULL),(1261,18,0,10,'10','0',NULL,NULL),(1262,1,91,70,'5','0',NULL,NULL),(1263,2,91,21,'5','0',NULL,NULL),(1264,3,91,26,'5','0',NULL,NULL),(1265,4,91,30,'5','0',NULL,NULL),(1266,5,91,32,'5','0',NULL,NULL),(1267,6,91,38,'5','0',NULL,NULL),(1268,7,91,41,'5','0',NULL,NULL),(1269,8,91,42,'5','0',NULL,NULL),(1270,9,91,47,'5','0',NULL,NULL),(1271,10,91,44,'5','0',NULL,NULL),(1272,11,91,48,'4','0',NULL,NULL),(1273,12,91,49,'4','0',NULL,NULL),(1274,13,91,58,'4','0',NULL,NULL),(1275,14,91,57,'4','0',NULL,NULL),(1276,15,91,55,'4','0',NULL,NULL),(1277,16,91,61,'10','0',NULL,NULL),(1278,17,91,68,'10','0',NULL,NULL),(1279,18,91,10,'10','0',NULL,NULL),(1280,1,92,21,'5','0',NULL,NULL),(1281,2,92,25,'5','0',NULL,NULL),(1282,3,92,36,'5','0',NULL,NULL),(1283,4,92,30,'5','0',NULL,NULL),(1284,5,92,34,'5','0',NULL,NULL),(1285,6,92,40,'5','0',NULL,NULL),(1286,7,92,42,'5','0',NULL,NULL),(1287,8,92,41,'5','0',NULL,NULL),(1288,9,92,47,'5','0',NULL,NULL),(1289,10,92,46,'5','0',NULL,NULL),(1290,11,92,48,'4','0',NULL,NULL),(1291,12,92,49,'4','0',NULL,NULL),(1292,13,92,59,'4','0',NULL,NULL),(1293,14,92,58,'4','0',NULL,NULL),(1294,15,92,55,'4','0',NULL,NULL),(1295,16,92,60,'10','0',NULL,NULL),(1296,17,92,68,'10','0',NULL,NULL),(1297,18,92,10,'10','0',NULL,NULL),(1298,1,93,26,'5','0',NULL,NULL),(1299,2,93,37,'5','0',NULL,NULL),(1300,3,93,25,'5','0',NULL,NULL),(1301,4,93,79,'5','0',NULL,NULL),(1302,5,93,28,'5','0',NULL,NULL),(1303,6,93,40,'5','0',NULL,NULL),(1304,7,93,41,'5','0',NULL,NULL),(1305,8,93,42,'5','0',NULL,NULL),(1306,9,93,47,'5','0',NULL,NULL),(1307,10,93,45,'5','0',NULL,NULL),(1308,11,93,48,'4','0',NULL,NULL),(1309,12,93,27,'4','0',NULL,NULL),(1310,13,93,56,'4','0',NULL,NULL),(1311,14,93,57,'4','0',NULL,NULL),(1312,15,93,55,'4','0',NULL,NULL),(1313,16,93,61,'10','0',NULL,NULL),(1314,17,93,68,'10','0',NULL,NULL),(1315,18,93,64,'10','0',NULL,NULL),(1316,1,94,33,'5','0',NULL,NULL),(1317,2,94,21,'5','0',NULL,NULL),(1318,3,94,22,'5','0',NULL,NULL),(1319,4,94,29,'5','0',NULL,NULL),(1320,5,94,71,'5','0',NULL,NULL),(1321,6,94,38,'5','0',NULL,NULL),(1322,7,94,41,'5','0',NULL,NULL),(1323,8,94,42,'5','0',NULL,NULL),(1324,9,94,47,'5','0',NULL,NULL),(1325,10,94,44,'5','0',NULL,NULL),(1326,11,94,23,'4','0',NULL,NULL),(1327,12,94,48,'4','0',NULL,NULL),(1328,13,94,57,'4','0',NULL,NULL),(1329,14,94,58,'4','0',NULL,NULL),(1330,15,94,55,'4','0',NULL,NULL),(1331,16,94,60,'10','0',NULL,NULL),(1332,17,94,68,'10','0',NULL,NULL),(1333,18,94,10,'10','0',NULL,NULL),(1334,1,95,22,'5','0',NULL,NULL),(1335,2,95,70,'5','0',NULL,NULL),(1336,3,95,26,'5','0',NULL,NULL),(1337,4,95,34,'5','0',NULL,NULL),(1338,5,95,30,'5','0',NULL,NULL),(1339,6,95,38,'5','0',NULL,NULL),(1340,7,95,42,'5','0',NULL,NULL),(1341,8,95,41,'5','0',NULL,NULL),(1342,9,95,47,'5','0',NULL,NULL),(1343,10,95,44,'5','0',NULL,NULL),(1344,11,95,48,'4','0',NULL,NULL),(1345,12,95,49,'4','0',NULL,NULL),(1346,13,95,59,'4','0',NULL,NULL),(1347,14,95,56,'4','0',NULL,NULL),(1348,15,95,51,'4','0',NULL,NULL),(1349,16,95,62,'10','0',NULL,NULL),(1350,17,95,66,'10','0',NULL,NULL),(1351,18,95,10,'10','0',NULL,NULL),(1352,1,96,26,'5','0',NULL,NULL),(1353,2,96,22,'5','0',NULL,NULL),(1354,3,96,33,'5','0',NULL,NULL),(1355,4,96,79,'5','0',NULL,NULL),(1356,5,96,32,'5','0',NULL,NULL),(1357,6,96,31,'5','0',NULL,NULL),(1358,7,96,42,'5','0',NULL,NULL),(1359,8,96,41,'5','0',NULL,NULL),(1360,9,96,47,'5','0',NULL,NULL),(1361,10,96,46,'5','0',NULL,NULL),(1362,11,96,48,'4','0',NULL,NULL),(1363,12,96,27,'4','0',NULL,NULL),(1364,13,96,58,'4','0',NULL,NULL),(1365,14,96,56,'4','0',NULL,NULL),(1366,15,96,55,'4','0',NULL,NULL),(1367,16,96,60,'10','0',NULL,NULL),(1368,17,96,68,'10','0',NULL,NULL),(1369,18,96,10,'10','0',NULL,NULL),(1370,1,97,33,'5','0',NULL,NULL),(1371,2,97,37,'5','0',NULL,NULL),(1372,3,97,24,'5','0',NULL,NULL),(1373,4,97,30,'5','0',NULL,NULL),(1374,5,97,29,'5','0',NULL,NULL),(1375,6,97,31,'5','0',NULL,NULL),(1376,7,97,41,'5','0',NULL,NULL),(1377,8,97,42,'5','0',NULL,NULL),(1378,9,97,44,'5','0',NULL,NULL),(1379,10,97,46,'5','0',NULL,NULL),(1380,11,97,49,'4','0',NULL,NULL),(1381,12,97,23,'4','0',NULL,NULL),(1382,13,97,56,'4','0',NULL,NULL),(1383,14,97,58,'4','0',NULL,NULL),(1384,15,97,55,'4','0',NULL,NULL),(1385,16,97,61,'10','0',NULL,NULL),(1386,17,97,63,'10','0',NULL,NULL),(1387,18,97,65,'10','0',NULL,NULL),(1388,1,98,21,'5','0',NULL,NULL),(1389,2,98,1,'5','0',NULL,NULL),(1390,3,98,22,'5','0',NULL,NULL),(1391,4,98,71,'5','0',NULL,NULL),(1392,5,98,34,'5','0',NULL,NULL),(1393,6,98,31,'5','0',NULL,NULL),(1394,7,98,43,'5','0',NULL,NULL),(1395,8,98,42,'5','0',NULL,NULL),(1396,9,98,47,'5','0',NULL,NULL),(1397,10,98,45,'5','0',NULL,NULL),(1398,11,98,48,'4','0',NULL,NULL),(1399,12,98,49,'4','0',NULL,NULL),(1400,13,98,59,'4','0',NULL,NULL),(1401,14,98,56,'4','0',NULL,NULL),(1402,15,98,55,'4','0',NULL,NULL),(1403,16,98,60,'10','0',NULL,NULL),(1404,17,98,68,'10','0',NULL,NULL),(1405,18,98,65,'10','0',NULL,NULL),(1406,1,99,1,'5','0',NULL,NULL),(1407,2,99,33,'5','0',NULL,NULL),(1408,3,99,25,'5','0',NULL,NULL),(1409,4,99,35,'5','0',NULL,NULL),(1410,5,99,32,'5','0',NULL,NULL),(1411,6,99,40,'5','0',NULL,NULL),(1412,7,99,43,'5','0',NULL,NULL),(1413,8,99,41,'5','0',NULL,NULL),(1414,9,99,44,'5','0',NULL,NULL),(1415,10,99,45,'5','0',NULL,NULL),(1416,11,99,27,'4','0',NULL,NULL),(1417,12,99,48,'4','0',NULL,NULL),(1418,13,99,58,'4','0',NULL,NULL),(1419,14,99,59,'4','0',NULL,NULL),(1420,15,99,51,'4','0',NULL,NULL),(1421,16,99,61,'10','0',NULL,NULL),(1422,17,99,63,'10','0',NULL,NULL),(1423,18,99,64,'10','0',NULL,NULL),(1424,1,100,22,'5','0',NULL,NULL),(1425,2,100,21,'5','0',NULL,NULL),(1426,3,100,33,'5','0',NULL,NULL),(1427,4,100,29,'5','0',NULL,NULL),(1428,5,100,30,'5','0',NULL,NULL),(1429,6,100,38,'5','0',NULL,NULL),(1430,7,100,41,'5','0',NULL,NULL),(1431,8,100,43,'5','0',NULL,NULL),(1432,9,100,46,'5','0',NULL,NULL),(1433,10,100,44,'5','0',NULL,NULL),(1434,11,100,48,'4','0',NULL,NULL),(1435,12,100,23,'4','0',NULL,NULL),(1436,13,100,58,'4','0',NULL,NULL),(1437,14,100,56,'4','0',NULL,NULL),(1438,15,100,55,'4','0',NULL,NULL),(1439,16,100,61,'10','0',NULL,NULL),(1440,17,100,66,'10','0',NULL,NULL),(1441,18,100,64,'10','0',NULL,NULL),(1442,1,0,70,'5','0',NULL,NULL),(1443,2,0,24,'5','0',NULL,NULL),(1444,3,0,1,'5','0',NULL,NULL),(1445,4,0,29,'5','0',NULL,NULL),(1446,5,0,35,'5','0',NULL,NULL),(1447,6,0,38,'5','0',NULL,NULL),(1448,7,0,41,'5','0',NULL,NULL),(1449,8,0,42,'5','0',NULL,NULL),(1450,9,0,45,'5','0',NULL,NULL),(1451,10,0,44,'5','0',NULL,NULL),(1452,11,0,27,'5','0',NULL,NULL),(1453,12,0,48,'5','0',NULL,NULL),(1454,13,0,59,'5','0',NULL,NULL),(1455,14,0,51,'5','0',NULL,NULL),(1456,15,0,62,'10','0',NULL,NULL),(1457,16,0,68,'10','0',NULL,NULL),(1458,17,0,64,'10','0',NULL,NULL),(1629,1,0,21,'8','0',NULL,NULL),(1630,2,0,1,'8','0',NULL,NULL),(1631,3,0,30,'8','0',NULL,NULL),(1632,4,0,29,'8','0',NULL,NULL),(1633,5,0,40,'8','0',NULL,NULL),(1634,6,0,41,'8','0',NULL,NULL),(1635,7,0,46,'8','0',NULL,NULL),(1636,8,0,49,'8','0',NULL,NULL),(1637,9,0,56,'8','0',NULL,NULL),(1638,10,0,51,'8','0',NULL,NULL),(1639,11,0,60,'10','0',NULL,NULL),(1640,12,0,68,'10','0',NULL,NULL),(1641,1,111,1,'8','0',NULL,NULL),(1642,2,111,25,'8','0',NULL,NULL),(1643,3,111,35,'8','0',NULL,NULL),(1644,4,111,28,'8','0',NULL,NULL),(1645,5,111,31,'8','0',NULL,NULL),(1646,6,111,41,'8','0',NULL,NULL),(1647,7,111,47,'8','0',NULL,NULL),(1648,8,111,49,'8','0',NULL,NULL),(1649,9,111,56,'8','0',NULL,NULL),(1650,10,111,51,'8','0',NULL,NULL),(1651,11,111,62,'10','2',NULL,NULL),(1652,12,111,66,'10','3',NULL,NULL),(1653,1,112,24,'8','0',NULL,NULL),(1654,2,112,1,'8','0',NULL,NULL),(1655,3,112,30,'8','0',NULL,NULL),(1656,4,112,79,'8','0',NULL,NULL),(1657,5,112,31,'8','0',NULL,NULL),(1658,6,112,43,'8','0',NULL,NULL),(1659,7,112,46,'8','0',NULL,NULL),(1660,8,112,50,'8','0',NULL,NULL),(1661,9,112,56,'8','0',NULL,NULL),(1662,10,112,51,'8','0',NULL,NULL),(1663,11,112,60,'10','0',NULL,NULL),(1664,12,112,63,'10','0',NULL,NULL),(1665,1,113,36,'8','0',NULL,NULL),(1666,2,113,25,'8','0',NULL,NULL),(1667,3,113,34,'8','0',NULL,NULL),(1668,4,113,29,'8','0',NULL,NULL),(1669,5,113,39,'8','0',NULL,NULL),(1670,6,113,41,'8','0',NULL,NULL),(1671,7,113,46,'8','0',NULL,NULL),(1672,8,113,49,'8','0',NULL,NULL),(1673,9,113,58,'8','0',NULL,NULL),(1674,10,113,51,'8','0',NULL,NULL),(1675,11,113,61,'10','0',NULL,NULL),(1676,12,113,66,'10','0',NULL,NULL),(1677,1,114,25,'8','0',NULL,NULL),(1678,2,114,37,'8','0',NULL,NULL),(1679,3,114,34,'8','0',NULL,NULL),(1680,4,114,28,'8','0',NULL,NULL),(1681,5,114,38,'8','0',NULL,NULL),(1682,6,114,42,'8','0',NULL,NULL),(1683,7,114,47,'8','0',NULL,NULL),(1684,8,114,23,'8','0',NULL,NULL),(1685,9,114,59,'8','0',NULL,NULL),(1686,10,114,51,'8','0',NULL,NULL),(1687,11,114,61,'10','0',NULL,NULL),(1688,12,114,63,'10','0',NULL,NULL),(1689,1,115,21,'8','0',NULL,NULL),(1690,2,115,33,'8','0',NULL,NULL),(1691,3,115,79,'8','0',NULL,NULL),(1692,4,115,32,'8','0',NULL,NULL),(1693,5,115,38,'8','0',NULL,NULL),(1694,6,115,41,'8','0',NULL,NULL),(1695,7,115,46,'8','0',NULL,NULL),(1696,8,115,27,'8','0',NULL,NULL),(1697,9,115,59,'8','0',NULL,NULL),(1698,10,115,51,'8','0',NULL,NULL),(1699,11,115,62,'10','0',NULL,NULL),(1700,12,115,68,'10','0',NULL,NULL),(1701,1,116,21,'8','0',NULL,NULL),(1702,2,116,37,'8','0',NULL,NULL),(1703,3,116,79,'8','0',NULL,NULL),(1704,4,116,28,'8','0',NULL,NULL),(1705,5,116,31,'8','0',NULL,NULL),(1706,6,116,41,'8','0',NULL,NULL),(1707,7,116,47,'8','0',NULL,NULL),(1708,8,116,50,'8','0',NULL,NULL),(1709,9,116,56,'8','0',NULL,NULL),(1710,10,116,55,'8','0',NULL,NULL),(1711,11,116,61,'10','0',NULL,NULL),(1712,12,116,63,'10','0',NULL,NULL),(1713,1,117,1,'8','0',NULL,NULL),(1714,2,117,33,'8','0',NULL,NULL),(1715,3,117,29,'8','0',NULL,NULL),(1716,4,117,32,'8','0',NULL,NULL),(1717,5,117,72,'8','0',NULL,NULL),(1718,6,117,42,'8','0',NULL,NULL),(1719,7,117,44,'8','0',NULL,NULL),(1720,8,117,27,'8','0',NULL,NULL),(1721,9,117,56,'8','0',NULL,NULL),(1722,10,117,51,'8','0',NULL,NULL),(1723,11,117,60,'10','0',NULL,NULL),(1724,12,117,63,'10','0',NULL,NULL),(1725,1,118,70,'8','0',NULL,NULL),(1726,2,118,25,'8','0',NULL,NULL),(1727,3,118,28,'8','0',NULL,NULL),(1728,4,118,32,'8','0',NULL,NULL),(1729,5,118,38,'8','0',NULL,NULL),(1730,6,118,41,'8','0',NULL,NULL),(1731,7,118,46,'8','0',NULL,NULL),(1732,8,118,27,'8','0',NULL,NULL),(1733,9,118,57,'8','0',NULL,NULL),(1734,10,118,51,'8','0',NULL,NULL),(1735,11,118,60,'10','0',NULL,NULL),(1736,12,118,68,'10','0',NULL,NULL),(1737,1,119,37,'8','0',NULL,NULL),(1738,2,119,24,'8','0',NULL,NULL),(1739,3,119,29,'8','0',NULL,NULL),(1740,4,119,28,'8','0',NULL,NULL),(1741,5,119,40,'8','0',NULL,NULL),(1742,6,119,43,'8','0',NULL,NULL),(1743,7,119,45,'8','0',NULL,NULL),(1744,8,119,27,'8','0',NULL,NULL),(1745,9,119,56,'8','0',NULL,NULL),(1746,10,119,51,'8','0',NULL,NULL),(1747,11,119,61,'10','0',NULL,NULL),(1748,12,119,66,'10','0',NULL,NULL),(1749,1,120,70,'8','0',NULL,NULL),(1750,2,120,33,'8','0',NULL,NULL),(1751,3,120,29,'8','0',NULL,NULL),(1752,4,120,28,'8','0',NULL,NULL),(1753,5,120,72,'8','0',NULL,NULL),(1754,6,120,42,'8','0',NULL,NULL),(1755,7,120,44,'8','0',NULL,NULL),(1756,8,120,50,'8','0',NULL,NULL),(1757,9,120,56,'8','0',NULL,NULL),(1758,10,120,55,'8','0',NULL,NULL),(1759,11,120,60,'10','0',NULL,NULL),(1760,12,120,63,'10','0',NULL,NULL),(1761,1,0,1,'4','0',NULL,NULL),(1762,2,0,32,'4','0',NULL,NULL),(1763,3,0,40,'4','0',NULL,NULL),(1764,4,0,41,'4','0',NULL,NULL),(1765,5,0,43,'4','0',NULL,NULL),(1766,6,0,45,'4','0',NULL,NULL),(1767,7,0,47,'4','0',NULL,NULL),(1768,8,0,50,'3','0',NULL,NULL),(1769,9,0,49,'3','0',NULL,NULL),(1770,10,0,58,'3','0',NULL,NULL),(1771,11,0,57,'3','0',NULL,NULL),(1772,12,0,55,'3','0',NULL,NULL),(1773,13,0,51,'3','0',NULL,NULL),(1774,14,0,61,'6','0',NULL,NULL),(1775,15,0,66,'6','0',NULL,NULL),(1776,16,0,10,'6','0',NULL,NULL),(1937,1,0,22,'10','0',NULL,NULL),(1938,2,0,70,'10','0',NULL,NULL),(1939,3,0,29,'10','0',NULL,NULL),(1940,4,0,72,'10','0',NULL,NULL),(1941,5,0,41,'10','0',NULL,NULL),(1942,6,0,47,'10','0',NULL,NULL),(1943,7,0,50,'10','0',NULL,NULL),(1944,8,0,59,'10','0',NULL,NULL),(1945,9,0,61,'10','0',NULL,NULL),(1946,10,0,63,'10','0',NULL,NULL),(2047,1,0,33,'3','0',NULL,NULL),(2048,2,0,79,'3','0',NULL,NULL),(2049,3,0,41,'2','0',NULL,NULL),(2050,4,0,45,'2','0',NULL,NULL),(2051,5,0,50,'1','0',NULL,NULL),(2052,6,0,84,'1','0',NULL,NULL),(2053,7,0,62,'2','0',NULL,NULL),(2054,8,0,66,'2','0',NULL,NULL),(2135,1,0,33,'5','0',NULL,NULL),(2136,2,0,25,'5','0',NULL,NULL),(2137,3,0,71,'5','0',NULL,NULL),(2138,4,0,79,'5','0',NULL,NULL),(2139,5,0,38,'5','0',NULL,NULL),(2140,6,0,41,'5','0',NULL,NULL),(2141,7,0,42,'5','0',NULL,NULL),(2142,8,0,47,'5','0',NULL,NULL),(2143,9,0,50,'5','0',NULL,NULL),(2144,10,0,57,'5','0',NULL,NULL),(2145,11,0,58,'5','0',NULL,NULL),(2146,12,0,55,'5','0',NULL,NULL),(2147,13,0,61,'10','0',NULL,NULL),(2148,14,0,62,'10','0',NULL,NULL),(2149,15,0,68,'10','0',NULL,NULL),(2150,16,0,10,'10','0',NULL,NULL),(2311,1,0,24,'4','0',NULL,NULL),(2312,2,0,71,'4','0',NULL,NULL),(2313,3,0,43,'3','0',NULL,NULL),(2314,4,0,47,'3','0',NULL,NULL),(2315,5,0,48,'3','0',NULL,NULL),(2316,6,0,58,'3','0',NULL,NULL),(2317,7,0,62,'4','0',NULL,NULL),(2388,1,0,33,'6','0',NULL,NULL),(2389,2,0,21,'6','0',NULL,NULL),(2390,3,0,71,'6','0',NULL,NULL),(2391,4,0,79,'6','0',NULL,NULL),(2392,5,0,31,'6','0',NULL,NULL),(2393,6,0,42,'6','0',NULL,NULL),(2394,7,0,44,'6','0',NULL,NULL),(2395,8,0,48,'6','0',NULL,NULL),(2396,9,0,27,'6','0',NULL,NULL),(2397,10,0,56,'6','0',NULL,NULL),(2398,11,0,58,'6','0',NULL,NULL),(2399,12,0,51,'6','0',NULL,NULL),(2400,13,0,61,'7','0',NULL,NULL),(2401,14,0,62,'7','0',NULL,NULL),(2402,15,0,66,'7','0',NULL,NULL),(2403,16,0,68,'7','0',NULL,NULL),(2404,1,171,24,'6','0','B',NULL),(2405,2,171,33,'6','0','A',NULL),(2406,3,171,30,'6','0','C',NULL),(2407,4,171,29,'6','0','A',NULL),(2408,5,171,31,'6','0','B',NULL),(2409,6,171,43,'6','6','BC',NULL),(2410,7,171,46,'6','0','ABC',NULL),(2411,8,171,50,'6','6','错误',NULL),(2412,9,171,49,'6','0','',NULL),(2413,10,171,58,'6','0','',NULL),(2414,11,171,57,'6','0','',NULL),(2415,12,171,51,'6','0','',NULL),(2416,13,171,62,'7','3','',NULL),(2417,14,171,60,'7','2','',NULL),(2418,15,171,63,'7','0','',NULL),(2419,16,171,66,'7','0','',NULL),(2420,1,172,33,'6','0',NULL,NULL),(2421,2,172,22,'6','0',NULL,NULL),(2422,3,172,32,'6','0',NULL,NULL),(2423,4,172,29,'6','0',NULL,NULL),(2424,5,172,38,'6','0',NULL,NULL),(2425,6,172,43,'6','0',NULL,NULL),(2426,7,172,47,'6','0',NULL,NULL),(2427,8,172,49,'6','0',NULL,NULL),(2428,9,172,48,'6','0',NULL,NULL),(2429,10,172,58,'6','0',NULL,NULL),(2430,11,172,57,'6','0',NULL,NULL),(2431,12,172,55,'6','0',NULL,NULL),(2432,13,172,60,'7','0',NULL,NULL),(2433,14,172,62,'7','0',NULL,NULL),(2434,15,172,68,'7','0',NULL,NULL),(2435,16,172,63,'7','0',NULL,NULL),(2436,1,173,37,'6','0',NULL,NULL),(2437,2,173,22,'6','0',NULL,NULL),(2438,3,173,79,'6','0',NULL,NULL),(2439,4,173,28,'6','0',NULL,NULL),(2440,5,173,40,'6','0',NULL,NULL),(2441,6,173,41,'6','0',NULL,NULL),(2442,7,173,47,'6','0',NULL,NULL),(2443,8,173,49,'6','0',NULL,NULL),(2444,9,173,23,'6','0',NULL,NULL),(2445,10,173,58,'6','0',NULL,NULL),(2446,11,173,57,'6','0',NULL,NULL),(2447,12,173,55,'6','0',NULL,NULL),(2448,13,173,62,'7','0',NULL,NULL),(2449,14,173,60,'7','0',NULL,NULL),(2450,15,173,63,'7','0',NULL,NULL),(2451,16,173,68,'7','0',NULL,NULL),(2452,1,174,24,'6','0',NULL,NULL),(2453,2,174,36,'6','0',NULL,NULL),(2454,3,174,30,'6','0',NULL,NULL),(2455,4,174,71,'6','0',NULL,NULL),(2456,5,174,31,'6','0',NULL,NULL),(2457,6,174,41,'6','0',NULL,NULL),(2458,7,174,47,'6','0',NULL,NULL),(2459,8,174,50,'6','0',NULL,NULL),(2460,9,174,49,'6','0',NULL,NULL),(2461,10,174,56,'6','0',NULL,NULL),(2462,11,174,58,'6','0',NULL,NULL),(2463,12,174,55,'6','0',NULL,NULL),(2464,13,174,60,'7','0',NULL,NULL),(2465,14,174,62,'7','0',NULL,NULL),(2466,15,174,63,'7','0',NULL,NULL),(2467,16,174,66,'7','0',NULL,NULL),(2468,1,175,24,'6','0',NULL,NULL),(2469,2,175,1,'6','0',NULL,NULL),(2470,3,175,35,'6','0',NULL,NULL),(2471,4,175,34,'6','0',NULL,NULL),(2472,5,175,38,'6','0',NULL,NULL),(2473,6,175,43,'6','0',NULL,NULL),(2474,7,175,47,'6','0',NULL,NULL),(2475,8,175,23,'6','0',NULL,NULL),(2476,9,175,88,'6','0',NULL,NULL),(2477,10,175,57,'6','0',NULL,NULL),(2478,11,175,59,'6','0',NULL,NULL),(2479,12,175,55,'6','0',NULL,NULL),(2480,13,175,62,'7','0',NULL,NULL),(2481,14,175,60,'7','0',NULL,NULL),(2482,15,175,68,'7','0',NULL,NULL),(2483,16,175,66,'7','0',NULL,NULL),(2484,1,176,37,'6','0',NULL,NULL),(2485,2,176,25,'6','0',NULL,NULL),(2486,3,176,30,'6','0',NULL,NULL),(2487,4,176,34,'6','0',NULL,NULL),(2488,5,176,72,'6','0',NULL,NULL),(2489,6,176,43,'6','0',NULL,NULL),(2490,7,176,46,'6','0',NULL,NULL),(2491,8,176,27,'6','0',NULL,NULL),(2492,9,176,88,'6','0',NULL,NULL),(2493,10,176,58,'6','0',NULL,NULL),(2494,11,176,57,'6','0',NULL,NULL),(2495,12,176,55,'6','0',NULL,NULL),(2496,13,176,61,'7','0',NULL,NULL),(2497,14,176,62,'7','0',NULL,NULL),(2498,15,176,66,'7','0',NULL,NULL),(2499,16,176,68,'7','0',NULL,NULL),(2500,1,177,24,'6','0',NULL,NULL),(2501,2,177,22,'6','0',NULL,NULL),(2502,3,177,71,'6','0',NULL,NULL),(2503,4,177,35,'6','0',NULL,NULL),(2504,5,177,38,'6','0',NULL,NULL),(2505,6,177,41,'6','0',NULL,NULL),(2506,7,177,46,'6','0',NULL,NULL),(2507,8,177,27,'6','0',NULL,NULL),(2508,9,177,48,'6','0',NULL,NULL),(2509,10,177,56,'6','0',NULL,NULL),(2510,11,177,57,'6','0',NULL,NULL),(2511,12,177,55,'6','0',NULL,NULL),(2512,13,177,61,'7','0',NULL,NULL),(2513,14,177,62,'7','0',NULL,NULL),(2514,15,177,68,'7','0',NULL,NULL),(2515,16,177,66,'7','0',NULL,NULL),(2516,1,178,36,'6','0',NULL,NULL),(2517,2,178,24,'6','0',NULL,NULL),(2518,3,178,79,'6','0',NULL,NULL),(2519,4,178,71,'6','0',NULL,NULL),(2520,5,178,40,'6','0',NULL,NULL),(2521,6,178,43,'6','0',NULL,NULL),(2522,7,178,47,'6','0',NULL,NULL),(2523,8,178,48,'6','0',NULL,NULL),(2524,9,178,23,'6','0',NULL,NULL),(2525,10,178,56,'6','0',NULL,NULL),(2526,11,178,57,'6','0',NULL,NULL),(2527,12,178,51,'6','0',NULL,NULL),(2528,13,178,61,'7','0',NULL,NULL),(2529,14,178,60,'7','0',NULL,NULL),(2530,15,178,66,'7','0',NULL,NULL),(2531,16,178,63,'7','0',NULL,NULL),(2532,1,179,21,'6','0',NULL,NULL),(2533,2,179,22,'6','0',NULL,NULL),(2534,3,179,30,'6','0',NULL,NULL),(2535,4,179,35,'6','0',NULL,NULL),(2536,5,179,39,'6','0',NULL,NULL),(2537,6,179,42,'6','0',NULL,NULL),(2538,7,179,47,'6','0',NULL,NULL),(2539,8,179,88,'6','0',NULL,NULL),(2540,9,179,48,'6','0',NULL,NULL),(2541,10,179,59,'6','0',NULL,NULL),(2542,11,179,58,'6','0',NULL,NULL),(2543,12,179,51,'6','0',NULL,NULL),(2544,13,179,61,'7','0',NULL,NULL),(2545,14,179,60,'7','0',NULL,NULL),(2546,15,179,63,'7','0',NULL,NULL),(2547,16,179,68,'7','0',NULL,NULL),(2548,1,180,36,'6','0',NULL,NULL),(2549,2,180,21,'6','0',NULL,NULL),(2550,3,180,28,'6','0',NULL,NULL),(2551,4,180,35,'6','0',NULL,NULL),(2552,5,180,39,'6','0',NULL,NULL),(2553,6,180,42,'6','0',NULL,NULL),(2554,7,180,45,'6','0',NULL,NULL),(2555,8,180,88,'6','0',NULL,NULL),(2556,9,180,23,'6','0',NULL,NULL),(2557,10,180,56,'6','0',NULL,NULL),(2558,11,180,58,'6','0',NULL,NULL),(2559,12,180,55,'6','0',NULL,NULL),(2560,13,180,60,'7','0',NULL,NULL),(2561,14,180,61,'7','0',NULL,NULL),(2562,15,180,66,'7','0',NULL,NULL),(2563,16,180,63,'7','0',NULL,NULL),(2564,1,0,24,'4','0',NULL,NULL),(2565,2,0,25,'4','0',NULL,NULL),(2566,3,0,32,'4','0',NULL,NULL);
/*!40000 ALTER TABLE `eo_paper_question` ENABLE KEYS */;
UNLOCK TABLES;

--
-- Table structure for table `eo_question`
--

DROP TABLE IF EXISTS `eo_question`;
/*!40101 SET @saved_cs_client     = @@character_set_client */;
 SET character_set_client = utf8mb4 ;
CREATE TABLE `eo_question` (
  `id` int(11) NOT NULL AUTO_INCREMENT,
  `title` varchar(400) NOT NULL,
  `subject` char(20) NOT NULL,
  `catagory` char(5) NOT NULL,
  `difficulty` char(5) NOT NULL,
  `answer` varchar(255) NOT NULL,
  `option_a` varchar(100) DEFAULT NULL,
  `option_b` varchar(100) DEFAULT NULL,
  `option_c` varchar(100) DEFAULT NULL,
  `option_d` varchar(100) DEFAULT NULL,
  PRIMARY KEY (`id`),
  UNIQUE KEY `title_UNIQUE` (`title`)
) ENGINE=InnoDB AUTO_INCREMENT=89 DEFAULT CHARSET=utf8mb4 COLLATE=utf8mb4_0900_ai_ci;
/*!40101 SET character_set_client = @saved_cs_client */;

--
-- Dumping data for table `eo_question`
--

LOCK TABLES `eo_question` WRITE;
/*!40000 ALTER TABLE `eo_question` DISABLE KEYS */;
INSERT INTO `eo_question` VALUES (1,'设A为已知定义的类名，下列声明A类的对象a的语句( )','Java程序设计','单选','简单','D','float  A  a','A  a=new  A()','A a=new  int ()','A  a=new  A()'),(10,'String str=“abc”和String str=new String(“abc”); 产生几个对象？\n','Java程序设计','简答','困难','1.前者1或0，后者2或1，先看字符串常量池，如果字符串常量池中没有，都在常量池中创建一个，如果有，前者直接引用，后者在堆内存中还需创建一个“abc”实例对象。\n2.对于基础类型的变量和常量：变量和引用存储在栈中，常量存储在常量池中。\n3.为了提升jvm（JAVA虚拟机）性能和减少内存开销，避免字符的重复创建 项目中还是不要使用new String去创建字',NULL,NULL,NULL,NULL),(21,'以下代码执行后输出结果为（ ）\n\npublic class ExceptionTest\n{\n    public void method()\n    {\n        try\n        {\n            System.out.println(\"进入到try块\");\n        }\n        catch (Exception e)\n        {\n             System.out.println(\"异常发生了！\");\n       ','Java程序设计','单选','简单','B','进入到try块  异常发生了！  进入到finally块  后续代码','异常发生了！  后续代码','进入到try块  后续代码','异常发生了！  后续代码'),(22,'下列不属于访问控制符的是（）','Java程序设计','单选','简单','D','public','static','protected','static'),(23,'如果子类要调用父类的构造函数，则通过super（）调用来实现。','Java程序设计','判断','简单','正确',NULL,NULL,NULL,NULL),(24,'创建一个标识有“开始”按钮的语句是(      )。','Java程序设计','单选','简单','D','JTextField  b = new  JTextField(“开始”);','JButton   b = new  JButton(“开始”);','JCheckbox  b = new  JCheckbox(“开始”);','JButton   b = new  JButton(“开始”);'),(25,'main()\n{  \nint m=12,n=34;\n    \nprintf(\"%d%d\",m++,++n);\n    \nprintf(\"%d%d\\n\",n++,++m);\n}\n输出结果','Java程序设计','单选','简单','A','12353514','12343513','12343514','12343513'),(27,'程序文件名必须与公共外部类的名称完全一致（包括大小写）.','Java程序设计','判断','简单','正确',NULL,NULL,NULL,NULL),(28,'class B extends Object{\n    static   {\n        System.out.println(\"Load B\");\n    }\n    public B()    {\n        System.out.println(\"Create B\");\n    }\n}\nclass A extends B{\n    static    {\n        System.out.println(\"Load A\");\n    }\n}\n运行结果是','Java程序设计','单选','一般','B','Load B ->Create B->Load A -> Create A','Create B ->Create A ->Load B ->Load A','Load B -> Create B-> Create A -> Load A','Create B ->Create A ->Load B ->Load A'),(29,'abstract class xy\n{\n    abstract sum (int x, int y) { }\n}\n错误在哪','Java程序设计','单选','一般','C','没有错误','Create B ->Create A ->Load B ->Load A','方法没有正确定义','Create B ->Create A ->Load B ->Load A'),(30,'以下多线程对int型变量x的操作，哪个不需要进行同步（    ）','Java程序设计','单选','一般','D','x=y;','x=1;','++x;','x=1;'),(31,'以下代码的输出的正确结果是\npublic class Test {\npublic static void main(String args[]) {\nString s = \"祝你考出好成绩！\";\nSystem.out.println(s.length());\n}\n}','Java程序设计','单选','困难','D','24','8','15','8'),(32,'java中下面哪个能创建并启动线程（）','Java程序设计','单选','一般','C','new Runnable(MyRunnable).start()','8','new Thread(new MyRunnable()).start()','8'),(33,'能用来修饰interface的有（）','Java程序设计','单选','简单','B','private','static','protected','static'),(34,'下面的程序输出的结果是( )\npublic class A implements B{\npublic static void main(String args[]){\n    int i;\n    A a1=new  A();\n    i =a1.k;\n    System.out.println(\"i=\"+i);\n    }\n}\ninterface B{\n    int k=10；\n\n}','Java程序设计','单选','一般','B','i=0','i=true','程序有编译错误','i=true'),(35,'下面代码的运行结果是（）\npublic static void main(String[] args){\n    String s;\n    System.out.println(\"s=\"+s);\n}','Java程序设计','单选','一般','C','代码编程成功，并输出”s=”','代码编译成功，但捕获到NullPointException异常','由于String s没有初始化，代码不能编译通过。','代码编译成功，但捕获到NullPointException异常'),(36,'Which method you define as the starting point of new thread in a class from which n thread can be execution?','Java程序设计','单选','简单','B','public void start()','public static void main(String args[])','public void int()','public static void main(String args[])'),(37,'以下说法错误的是（）\n','Java程序设计','单选','简单','D','虚拟机中没有泛型，只有普通类和普通方法','泛型的类型擦除机制意味着不能在运行时动态获取List<T>中T的实际类型','创建泛型对象时请指明类型，让编译器尽早的做参数检查','泛型的类型擦除机制意味着不能在运行时动态获取List<T>中T的实际类型'),(38,'以下程序段执行后将有（）个字节被写入到文件afile.txt中。\ntry {\n    FileOutputStream fos = new FileOutputStream(\"afile.txt\");\n    DataOutputStream dos = new DataOutputStream(fos);\n    dos.writeInt(3);\n    dos.writeChar(1);\n} catch （IOException e）{\n}\n','Java程序设计','单选','困难','C','3','不确定','6','不确定'),(39,'下面哪种情况会导致持久区jvm堆内存溢出？\n','Java程序设计','单选','困难','C','循环上万次的字符串处理','不断创建对象','使用CGLib技术直接操作字节码运行，生成大量的动态类','不断创建对象'),(40,'下列关于容器集合类的说法正确的是？\n','Java程序设计','单选','困难','D','LinkedList继承自List','WeakMap','HashSet继承自AbstractSet','WeakMap'),(41,'Java创建对象的说法正确的有（）\n','Java程序设计','多选','一般','ABCD','用new语句创建对象，是最常见的创建对象的方法。','运用反序列化手段，调用java.io.ObjectInputStream对象的 readObject()方法。','调用对象的clone()方法。','运用反序列化手段，调用java.io.ObjectInputStream对象的 readObject()方法。'),(42,'Java7特性中,abstract class和interface有什么区别。\n','Java程序设计','多选','一般','ABD','抽象类可以有构造方法，接口中不能有构造方法','一个类可以实现多个接口，但只能继承一个抽象类。','抽象类中不可以包含静态方法，接口中可以包含静态方法','一个类可以实现多个接口，但只能继承一个抽象类。'),(43,'下列关于while循环、do-while循环和for循环说法错误的是\n','Java程序设计','多选','一般','BC','while循环先执行条件判断，do-while循环执行循环体','while循环能够实现的操作，for循环也能实现','for循环结构中的3个表达式缺一不可','while循环能够实现的操作，for循环也能实现'),(44,'下列哪些操作会使线程释放锁资源？','Java程序设计','多选','困难','BC','sleep()','yield()','join()','yield()'),(45,'关于Java中的数组，下面的一些描述，哪些描述是准确的：（        ）','Java程序设计','多选','困难','AC','数组是一个对象，不同类型的数组具有不同的类','一个固定长度的数组可类似这样定义: int array[100]','数组是一个连续的存储结构','一个固定长度的数组可类似这样定义: int array[100]'),(46,'以下各类中哪几个是线程安全的？( )','Java程序设计','多选','困难','BCD','ArrayList','Stack','Hashtable','Stack'),(47,'Java是一门支持反射的语言,基于反射为Java提供了丰富的动态性支持，下面关于Java反射的描述，哪些是错误的：(          )','Java程序设计','多选','困难','AD','Java反射主要涉及的类如Class, Method, Filed,等，他们都在java.lang.reflet包下','Java反射机制提供了字节码修改的技术，可以动态的修剪一个类','通过反射，可以突破Java语言提供的对象成员、类成员的保护机制，访问一般方式不能访问的成员','Java反射机制提供了字节码修改的技术，可以动态的修剪一个类'),(48,'每一个类只能有一个构造方法','Java程序设计','判断','简单','错误',NULL,NULL,NULL,NULL),(49,'JAVA属于计算机语言','Java程序设计','判断','简单','正确',NULL,NULL,NULL,NULL),(50,'在类方法中可用this来调用本类的类方法','Java程序设计','判断','简单','错误',NULL,NULL,NULL,NULL),(51,'Log4j的日志打印级别可以在运行时重新设置','Java程序设计','判断','困难','错误',NULL,NULL,NULL,NULL),(55,'ASCII码都是可打印字符','Java程序设计','判断','困难','错误',NULL,NULL,NULL,NULL),(56,'Java网络编程API建立在Socket基础之上','Java程序设计','判断','一般','正确',NULL,NULL,NULL,NULL),(57,'Java网络接口支持IP以上的所有高层协议','Java程序设计','判断','一般','正确',NULL,NULL,NULL,NULL),(58,'Java网络接口只支持tcP以及其上层协议','Java程序设计','判断','一般','错误',NULL,NULL,NULL,NULL),(59,'StringBuilder是 线程不安全的','Java程序设计','判断','一般','正确',NULL,NULL,NULL,NULL),(60,'面向对象的特征有哪些方面？','Java程序设计','简答','简单','封装：最常见的是把属性私有化封装在一个类里面，只能通过方法去访问\n继承：子类继承父类，从而继承了父类的方法和属性\n抽象：比如一个英雄类，抽象出了name,hp这些属性，使得开发过程中更加易于理解\n多态：多态分操作符的多态和类的多态。 类的多态指父类引用指向子类对象，并且有继承，有重写。',NULL,NULL,NULL,NULL),(61,'String是最基本的数据类型吗？','Java程序设计','简答','简单','String是类类型，不是基本类型。\n基本类型 有八种\n这八种基本类型分别是：\n整型 （4种）\n字符型 （1种）\n浮点型 （2种）\n布尔型（1种）',NULL,NULL,NULL,NULL),(62,'int 和 Integer 有什么区别？','Java程序设计','简答','简单','int 是基本类型32位长度的整数\n\nInteger 是类类型，是int的封装类\n\nint和Integer之间可以通过自动装箱 自动拆箱 互相转换',NULL,NULL,NULL,NULL),(63,'运行时异常与一般异常有何异同？','Java程序设计','简答','一般','运行时异常 又叫做非可查异常，在编译过程中，不要求必须进行显示捕捉\n一般异常又叫做可查异常，在编译过程中，必须进行处理，要么捕捉，要么通过throws 抛出去.',NULL,NULL,NULL,NULL),(64,'说出ArrayList,Vector, LinkedList的存储性能和特性。','Java程序设计','简答','困难','先说ArrayList和Vector\n两者都继承了抽象类AbstractList，但是Vector是线程安全的，而ArrayList是非线程安全的\n\n再说ArrayList和LinkedList的区别\nArrayList 是数组结构，所以定位很快，但是插入和删除很慢\nLinkedList 是双向链表结构，所以插入和删除很快，但是定位很慢',NULL,NULL,NULL,NULL),(65,'&和&&的区别','Java程序设计','简答','困难','& 有两个作用，分别是 位与 和 逻辑与\n&& 就是逻辑与\n作为逻辑与， & 和 && 分别表示长路与和短路与\n长路与 两侧，都会被运算\n短路与 只要第一个是false，第二个就不进行运算了',NULL,NULL,NULL,NULL),(66,'Overload和Override的区别，即重载和重写的区别。 Overloaded的方法是否可以改变返回值的类型?','Java程序设计','简答','一般','Overload是方法重载的意思，指的是在同一个类里面，方法名一样，但是参数不一样\nOverride是方法重写的意思，指的是子类继承了父类的某个方法后，重新又写了一遍\nOverloaded的方法是否可以改变返回值的类型?\n可以，重载其实本质上就是完全不同的方法，只是恰好取了相同的名字',NULL,NULL,NULL,NULL),(68,'abstract class和interface有什么区别?','Java程序设计','简答','一般','abstract class 抽象类和interface接口的区别\n使用方式：\n抽象类只能够通过继承被使用\n接口必须通过实现被使用\n实现方法：\n抽象类不仅可以提供抽象方法，也可以提供实现方法\n接口只能提供抽象方法，不能提供实现方法。 但是在JAVA8版本开始，接口可以提供实现方法了，前提是要在方法前加一个default修饰符',NULL,NULL,NULL,NULL),(70,'在下列选项中，（   ）不能交换变量a和b的值。','C语言程序设计','单选','简单','D','t=b;  b=a;  a=t;','a=b;  b=a;','t=a;  a=b;  b=t;','a=b;  b=a;'),(71,'下列可用于 C 语言用户标识符的一组是 ()','C语言程序设计','单选','一般','B','void, define, WORD','2a, DO, sizeof','For, -abc, IF Case','2a, DO, sizeof'),(72,'在下列函数原型中，（ ）声明了fun为纯虚函数。','C语言程序设计','单选','困难','B','void fun()=0;','static void fun(){ };','virtual void fun();','static void fun(){ };'),(79,'实现下列哪个接口，可以启用比较功能(     )','Java程序设计','单选','一般','D','Runnable接口','Iterator接口','Serializable接口','Comparator接口'),(88,'测试','Java程序设计','判断','简单','正确',NULL,NULL,NULL,NULL);
/*!40000 ALTER TABLE `eo_question` ENABLE KEYS */;
UNLOCK TABLES;

--
-- Table structure for table `eo_student`
--

DROP TABLE IF EXISTS `eo_student`;
/*!40101 SET @saved_cs_client     = @@character_set_client */;
 SET character_set_client = utf8mb4 ;
CREATE TABLE `eo_student` (
  `id` int(11) NOT NULL AUTO_INCREMENT,
  `username` char(20) NOT NULL,
  `password` varchar(20) NOT NULL DEFAULT '12345',
  `name` char(5) NOT NULL,
  `major` char(20) NOT NULL,
  `grade` char(10) NOT NULL,
  `stu_class` char(10) NOT NULL,
  `status` char(5) DEFAULT 'yes',
  PRIMARY KEY (`id`),
  UNIQUE KEY `school_id_UNIQUE` (`username`),
  KEY `username_index` (`username`)
) ENGINE=InnoDB AUTO_INCREMENT=265 DEFAULT CHARSET=utf8mb4 COLLATE=utf8mb4_0900_ai_ci;
/*!40101 SET character_set_client = @saved_cs_client */;

--
-- Dumping data for table `eo_student`
--

LOCK TABLES `eo_student` WRITE;
/*!40000 ALTER TABLE `eo_student` DISABLE KEYS */;
INSERT INTO `eo_student` VALUES (1,'252673091792447','12345','晏碫','计算机科学与技术','2017','2','yes'),(2,'834323664536293','A85EKDK7','衡炅','软件工程','2017','2','yes'),(3,'416323022186388','W96B0NP','空玚','动物科学','2018','1','yes'),(4,'330226362328793','DBVNAU89','王五','市场营销','2018','2','yes'),(5,'421769103432608','R6RFSXQ6','衡炅','公共管理','2018','1','yes'),(6,'070709237867592','4H46F15C','毛蔚','软件工程','2018','2','yes'),(7,'198589941533206','5G7OP8','梁鹏','市场营销','2018','1','yes'),(8,'668804487122924','73154C','石键','信息管理与信息系统','2018','2','yes'),(9,'924201795218799','12345','向榕','计算机科学与技术','2017','1','yes'),(10,'858579358450691','EQV6723','向榕','市场营销','2018','1','yes'),(11,'085203408638470','10UB0YLO','梁鹏','市场营销','2018','2','yes'),(12,'436575381531120','KZKK87','毛蔚','动物科学','2017','2','yes'),(13,'799478433141062','QF39885S','习琒','软件工程','2017','1','yes'),(14,'839100055048852','AIDEUY76','毛蔚','计算机科学与技术','2017','2','yes'),(15,'321195002317586','8QL85010','宓清','计算机科学与技术','2018','1','yes'),(16,'092023655790479','5EO9FW05','空玚','公共管理','2017','2','yes'),(17,'304612284324347','7I6935V2','王五','公共管理','2017','1','yes'),(18,'285950538446605','UTHC0NZV','石键','信息管理与信息系统','2018','1','yes'),(19,'546422979699647','A9376O1Z','仰启','公共管理','2017','2','yes'),(20,'633118249647146','JC5QVZ','石键','市场营销','2017','2','yes'),(21,'636736088603561','3JI10K77','麴昮','动物科学','2018','2','yes'),(22,'554104345827972','49S66W37','石键','公共管理','2017','2','yes'),(23,'336503833024778','THT7WC','宓清','信息管理与信息系统','2017','2','yes'),(24,'482174151182172','EK1Q0269','尚溢','市场营销','2018','1','yes'),(25,'998381631572336','74HQA963','向榕','计算机科学与技术','2017','2','yes'),(26,'190716663773473','03886R','梁鹏','市场营销','2018','2','yes'),(27,'057338089504882','QD7SJSWR','姚壮','计算机科学与技术','2018','1','yes'),(28,'352322202258772','CO35MMK','仰启','市场营销','2017','1','yes'),(29,'378014905334048','CKX8FUND','向榕','信息管理与信息系统','2018','1','yes'),(30,'318363192773066','ALQ922V','梁鹏','市场营销','2017','2','yes'),(31,'865900358401460','DS1Z4Y4T','史俊','计算机科学与技术','2017','1','yes'),(32,'525809483531074','QM81AH','杨倧','市场营销','2018','1','yes'),(33,'219016620756013','4G1X0PAP','符茗','信息管理与信息系统','2018','2','yes'),(34,'932652145925353','15O33U06','鱼势','信息管理与信息系统','2017','1','yes'),(35,'088885348134598','P6Z4023R','晏碫','市场营销','2017','2','yes'),(36,'288453917340537','043125','王五','软件工程','2018','2','yes'),(37,'272043868674809','3Y10L8G','杨倧','公共管理','2018','1','yes'),(38,'882020311566898','3M65M0','梁鹏','软件工程','2017','1','yes'),(39,'284605753810838','2HW17B58','萧丞','信息管理与信息系统','2017','1','yes'),(40,'164303646661877','JRPARY','毛蔚','公共管理','2017','2','yes'),(41,'226143436413123','1J0S9U67','尚溢','动物科学','2017','2','yes'),(42,'932318248549300','8346CJ','王五','公共管理','2017','1','yes'),(43,'383828869760931','W0S2GO','杨倧','市场营销','2017','2','yes'),(44,'203228563416983','G5HH1Q2P','麴昮','软件工程','2018','2','yes'),(45,'761255156163244','BK8QI3','萧丞','信息管理与信息系统','2018','2','yes'),(46,'523243687102162','36TU43AK','张三','动物科学','2018','2','yes'),(47,'113322783348444','1336N4','鱼势','公共管理','2018','1','yes'),(48,'248357306621734','6N30A08','宓清','软件工程','2018','2','yes'),(49,'453499567838178','LE9RZ15','鱼势','动物科学','2018','1','yes'),(50,'941506317609806','S8LVX46','宓清','市场营销','2018','2','yes'),(51,'139898404570742','7D4FAH','晏碫','计算机科学与技术','2017','2','yes'),(52,'100978830014691','A85EKDK7','衡炅','软件工程','2017','2','yes'),(53,'224900505694104','W96B0NP','空玚','动物科学','2018','1','yes'),(54,'460135414730348','DBVNAU89','王五','市场营销','2018','2','yes'),(55,'222050185422211','R6RFSXQ6','衡炅','公共管理','2018','1','yes'),(56,'749696889728613','4H46F15C','毛蔚','软件工程','2018','2','yes'),(57,'390338021180314','5G7OP8','梁鹏','市场营销','2018','1','yes'),(58,'699258939980592','73154C','石键','信息管理与信息系统','2018','2','yes'),(59,'515435775799175','FHN3MBQC','向榕','计算机科学与技术','2017','1','yes'),(60,'984466075848300','EQV6723','向榕','市场营销','2018','1','yes'),(61,'220384957556240','10UB0YLO','梁鹏','市场营销','2018','2','yes'),(62,'912315352719994','KZKK87','毛蔚','动物科学','2017','2','yes'),(63,'180391104830370','QF39885S','习琒','软件工程','2017','1','yes'),(64,'559926769010130','AIDEUY76','毛蔚','计算机科学与技术','2017','2','yes'),(65,'737739480887552','8QL85010','宓清','计算机科学与技术','2018','1','yes'),(66,'870789579544641','5EO9FW05','空玚','公共管理','2017','2','yes'),(67,'972482113648974','7I6935V2','王五','公共管理','2017','1','yes'),(68,'387853375421608','UTHC0NZV','石键','信息管理与信息系统','2018','1','yes'),(69,'082175074746753','A9376O1Z','仰启','公共管理','2017','2','yes'),(70,'424650839623037','JC5QVZ','石键','市场营销','2017','2','yes'),(71,'405546657214593','3JI10K77','麴昮','动物科学','2018','2','yes'),(72,'445698717317098','49S66W37','石键','公共管理','2017','2','yes'),(73,'469395142650677','THT7WC','宓清','信息管理与信息系统','2017','2','yes'),(74,'644549964447853','EK1Q0269','尚溢','市场营销','2018','1','yes'),(75,'039311850728750','74HQA963','向榕','计算机科学与技术','2017','2','yes'),(76,'154165021756013','03886R','梁鹏','市场营销','2018','2','yes'),(77,'941442007455282','QD7SJSWR','姚壮','计算机科学与技术','2018','1','yes'),(78,'305346401119776','CO35MMK','仰启','市场营销','2017','1','yes'),(79,'325740784958734','CKX8FUND','向榕','信息管理与信息系统','2018','1','yes'),(80,'700429348975283','ALQ922V','梁鹏','市场营销','2017','2','yes'),(81,'259216137169615','DS1Z4Y4T','史俊','计算机科学与技术','2017','1','yes'),(82,'818708225633576','QM81AH','杨倧','市场营销','2018','1','yes'),(83,'874499089025466','4G1X0PAP','符茗','信息管理与信息系统','2018','2','yes'),(84,'952350474441893','15O33U06','鱼势','信息管理与信息系统','2017','1','yes'),(85,'950858223572748','P6Z4023R','晏碫','市场营销','2017','2','yes'),(86,'861239388708549','043125','王五','软件工程','2018','2','yes'),(87,'001468523903134','3Y10L8G','杨倧','公共管理','2018','1','yes'),(88,'273814671899935','3M65M0','梁鹏','软件工程','2017','1','yes'),(89,'830553103527646','2HW17B58','萧丞','信息管理与信息系统','2017','1','yes'),(90,'529505452546033','JRPARY','毛蔚','公共管理','2017','2','yes'),(91,'399555723163518','1J0S9U67','尚溢','动物科学','2017','2','yes'),(92,'168853969400350','8346CJ','王五','公共管理','2017','1','yes'),(93,'975047592054526','W0S2GO','杨倧','市场营销','2017','2','yes'),(94,'769886995472148','G5HH1Q2P','麴昮','软件工程','2018','2','yes'),(95,'472013664795833','BK8QI3','萧丞','信息管理与信息系统','2018','2','yes'),(96,'376507161147062','36TU43AK','张三','动物科学','2018','2','yes'),(97,'403224413570722','1336N4','鱼势','公共管理','2018','1','yes'),(98,'584931748351016','6N30A08','宓清','软件工程','2018','2','yes'),(99,'420755252743362','LE9RZ15','鱼势','动物科学','2018','1','yes'),(100,'662350270495462','S8LVX46','宓清','市场营销','2018','2','yes'),(101,'245425965361697','7D4FAH','晏碫','计算机科学与技术','2017','2','yes'),(102,'936117286880027','A85EKDK7','衡炅','软件工程','2017','2','yes'),(103,'542369478837229','W96B0NP','空玚','动物科学','2018','1','yes'),(104,'957639321694585','DBVNAU89','王五','市场营销','2018','2','yes'),(105,'730645410820825','R6RFSXQ6','衡炅','公共管理','2018','1','yes'),(106,'368307348582377','4H46F15C','毛蔚','软件工程','2018','2','yes'),(107,'448433951931476','5G7OP8','梁鹏','市场营销','2018','1','yes'),(108,'998209933630652','73154C','石键','信息管理与信息系统','2018','2','yes'),(109,'512993365161434','FHN3MBQC','向榕','计算机科学与技术','2017','1','yes'),(110,'801421511144965','EQV6723','向榕','市场营销','2018','1','yes'),(111,'385430237010841','10UB0YLO','梁鹏','市场营销','2018','2','yes'),(112,'210752302055105','KZKK87','毛蔚','动物科学','2017','2','yes'),(113,'985459296877503','QF39885S','习琒','软件工程','2017','1','yes'),(114,'124236663225277','AIDEUY76','毛蔚','计算机科学与技术','2017','2','yes'),(115,'466056359636905','8QL85010','宓清','计算机科学与技术','2018','1','yes'),(116,'729997337066389','5EO9FW05','空玚','公共管理','2017','2','yes'),(117,'595400258322272','7I6935V2','王五','公共管理','2017','1','yes'),(118,'120958757309712','UTHC0NZV','石键','信息管理与信息系统','2018','1','yes'),(119,'183805231680117','A9376O1Z','仰启','公共管理','2017','2','yes'),(120,'469172262981792','JC5QVZ','石键','市场营销','2017','2','yes'),(121,'176726666505714','3JI10K77','麴昮','动物科学','2018','2','yes'),(122,'356971751800118','49S66W37','石键','公共管理','2017','2','yes'),(123,'715180496089804','THT7WC','宓清','信息管理与信息系统','2017','2','yes'),(124,'099925875254254','EK1Q0269','尚溢','市场营销','2018','1','yes'),(125,'314204519389410','74HQA963','向榕','计算机科学与技术','2017','2','yes'),(126,'426557020688487','03886R','梁鹏','市场营销','2018','2','yes'),(127,'913552944231675','QD7SJSWR','姚壮','计算机科学与技术','2018','1','yes'),(128,'744271224113612','CO35MMK','仰启','市场营销','2017','1','yes'),(129,'673411458210756','CKX8FUND','向榕','信息管理与信息系统','2018','1','yes'),(130,'059359860738231','ALQ922V','梁鹏','市场营销','2017','2','yes'),(131,'487703418967569','DS1Z4Y4T','史俊','计算机科学与技术','2017','1','yes'),(132,'725547485229367','QM81AH','杨倧','市场营销','2018','1','yes'),(133,'743167523954882','4G1X0PAP','符茗','信息管理与信息系统','2018','2','yes'),(134,'815897417888591','15O33U06','鱼势','信息管理与信息系统','2017','1','yes'),(135,'142188214704515','P6Z4023R','晏碫','市场营销','2017','2','yes'),(136,'284754669037161','043125','王五','软件工程','2018','2','yes'),(137,'983788802104794','3Y10L8G','杨倧','公共管理','2018','1','yes'),(138,'498461105761042','3M65M0','梁鹏','软件工程','2017','1','yes'),(139,'954494682098885','2HW17B58','萧丞','信息管理与信息系统','2017','1','yes'),(140,'207676788959139','JRPARY','毛蔚','公共管理','2017','2','yes'),(141,'554988547882089','1J0S9U67','尚溢','动物科学','2017','2','yes'),(142,'929591199875250','8346CJ','王五','公共管理','2017','1','yes'),(143,'404317207927016','W0S2GO','杨倧','市场营销','2017','2','yes'),(144,'048933629890174','G5HH1Q2P','麴昮','软件工程','2018','2','yes'),(145,'376404804488151','BK8QI3','萧丞','信息管理与信息系统','2018','2','yes'),(146,'105645634832528','36TU43AK','张三','动物科学','2018','2','yes'),(147,'464849556781886','1336N4','鱼势','公共管理','2018','1','yes'),(148,'270521723517488','6N30A08','宓清','软件工程','2018','2','yes'),(149,'504028099247709','LE9RZ15','鱼势','动物科学','2018','1','yes'),(150,'818491637352674','S8LVX46','宓清','市场营销','2018','2','yes'),(151,'106012806358057','7D4FAH','晏碫','计算机科学与技术','2017','2','yes'),(152,'486532006582199','A85EKDK7','衡炅','软件工程','2017','2','yes'),(153,'042687089013910','W96B0NP','空玚','动物科学','2018','1','yes'),(154,'409044566151093','DBVNAU89','王五','市场营销','2018','2','yes'),(155,'133251156511725','R6RFSXQ6','衡炅','公共管理','2018','1','yes'),(156,'428593440590724','4H46F15C','毛蔚','软件工程','2018','2','yes'),(157,'591096202638311','5G7OP8','梁鹏','市场营销','2018','1','yes'),(158,'629792381848251','73154C','石键','信息管理与信息系统','2018','2','yes'),(159,'005669745271441','FHN3MBQC','向榕','计算机科学与技术','2017','1','yes'),(160,'110463791137010','EQV6723','向榕','市场营销','2018','1','yes'),(161,'564455496465111','10UB0YLO','梁鹏','市场营销','2018','2','yes'),(162,'399265234998778','KZKK87','毛蔚','动物科学','2017','2','yes'),(163,'660213876520578','QF39885S','习琒','软件工程','2017','1','yes'),(164,'269841573081418','AIDEUY76','毛蔚','计算机科学与技术','2017','2','yes'),(165,'143283958268627','8QL85010','宓清','计算机科学与技术','2018','1','yes'),(166,'558455484308812','5EO9FW05','空玚','公共管理','2017','2','yes'),(167,'449251042072411','7I6935V2','王五','公共管理','2017','1','yes'),(168,'489855102415500','UTHC0NZV','石键','信息管理与信息系统','2018','1','yes'),(169,'528727160893768','A9376O1Z','仰启','公共管理','2017','2','yes'),(170,'116092529609928','JC5QVZ','石键','市场营销','2017','2','yes'),(171,'285455215725515','3JI10K77','麴昮','动物科学','2018','2','yes'),(172,'246083189816115','49S66W37','石键','公共管理','2017','2','yes'),(173,'492087361285586','THT7WC','宓清','信息管理与信息系统','2017','2','yes'),(174,'797925866713534','EK1Q0269','尚溢','市场营销','2018','1','yes'),(175,'161432978974174','74HQA963','向榕','计算机科学与技术','2017','2','yes'),(176,'218604378639553','03886R','梁鹏','市场营销','2018','2','yes'),(177,'835556026395672','QD7SJSWR','姚壮','计算机科学与技术','2018','1','yes'),(178,'468351699070780','CO35MMK','仰启','市场营销','2017','1','yes'),(179,'273466563572511','CKX8FUND','向榕','信息管理与信息系统','2018','1','yes'),(180,'092594594167400','ALQ922V','梁鹏','市场营销','2017','2','yes'),(181,'643612817827860','DS1Z4Y4T','史俊','计算机科学与技术','2017','1','yes'),(182,'001507067745088','QM81AH','杨倧','市场营销','2018','1','yes'),(183,'448772447394700','4G1X0PAP','符茗','信息管理与信息系统','2018','2','yes'),(184,'071049813867233','15O33U06','鱼势','信息管理与信息系统','2017','1','yes'),(185,'723931008021898','P6Z4023R','晏碫','市场营销','2017','2','yes'),(186,'533114758165652','043125','王五','软件工程','2018','2','yes'),(187,'821982178221479','3Y10L8G','杨倧','公共管理','2018','1','yes'),(188,'764508820033072','3M65M0','梁鹏','软件工程','2017','1','yes'),(189,'577391562235444','2HW17B58','萧丞','信息管理与信息系统','2017','1','yes'),(190,'874706168331209','JRPARY','毛蔚','公共管理','2017','2','yes'),(191,'461958021702803','1J0S9U67','尚溢','动物科学','2017','2','yes'),(192,'304387689251390','8346CJ','王五','公共管理','2017','1','yes'),(193,'467267235447122','W0S2GO','杨倧','市场营销','2017','2','yes'),(194,'316443437428493','G5HH1Q2P','麴昮','软件工程','2018','2','yes'),(195,'184871262226521','BK8QI3','萧丞','信息管理与信息系统','2018','2','yes'),(196,'139772655182852','36TU43AK','张三','动物科学','2018','2','yes'),(197,'603137142812010','1336N4','鱼势','公共管理','2018','1','yes'),(198,'839505189981499','6N30A08','宓清','软件工程','2018','2','yes'),(199,'406011848657546','LE9RZ15','鱼势','动物科学','2018','1','yes'),(200,'393103234382028','S8LVX46','宓清','市场营销','2018','2','yes'),(201,'067690857434418','7D4FAH','晏碫','计算机科学与技术','2017','2','yes'),(202,'925857727393162','A85EKDK7','衡炅','软件工程','2017','2','yes'),(203,'643915500388511','W96B0NP','空玚','动物科学','2018','1','yes'),(204,'951360790629490','DBVNAU89','王五','市场营销','2018','2','yes'),(205,'625968803292725','R6RFSXQ6','衡炅','公共管理','2018','1','yes'),(206,'588889442607181','4H46F15C','毛蔚','软件工程','2018','2','yes'),(207,'634640453224357','5G7OP8','梁鹏','市场营销','2018','1','yes'),(208,'340294828956850','73154C','石键','信息管理与信息系统','2018','2','yes'),(209,'408434135380568','FHN3MBQC','向榕','计算机科学与技术','2017','1','yes'),(210,'510405971220165','EQV6723','向榕','市场营销','2018','1','yes'),(211,'633480765919382','10UB0YLO','梁鹏','市场营销','2018','2','yes'),(212,'588678165942231','KZKK87','毛蔚','动物科学','2017','2','yes'),(213,'255067445273442','QF39885S','习琒','软件工程','2017','1','yes'),(214,'414546473858540','AIDEUY76','毛蔚','计算机科学与技术','2017','2','yes'),(215,'831520457890340','8QL85010','宓清','计算机科学与技术','2018','1','yes'),(216,'387913540530346','5EO9FW05','空玚','公共管理','2017','2','yes'),(217,'404902736723550','7I6935V2','王五','公共管理','2017','1','yes'),(218,'748752557511397','UTHC0NZV','石键','信息管理与信息系统','2018','1','yes'),(219,'863639098196310','A9376O1Z','仰启','公共管理','2017','2','yes'),(220,'973021886436254','JC5QVZ','石键','市场营销','2017','2','yes'),(221,'394074865045326','3JI10K77','麴昮','动物科学','2018','2','yes'),(222,'236184618921102','49S66W37','石键','公共管理','2017','2','yes'),(223,'170993347582168','THT7WC','宓清','信息管理与信息系统','2017','2','yes'),(224,'595925957271904','EK1Q0269','尚溢','市场营销','2018','1','yes'),(225,'819569448459839','74HQA963','向榕','计算机科学与技术','2017','2','yes'),(226,'090650735570729','03886R','梁鹏','市场营销','2018','2','yes'),(227,'847561117560579','QD7SJSWR','姚壮','计算机科学与技术','2018','1','yes'),(228,'172442165036858','CO35MMK','仰启','市场营销','2017','1','yes'),(229,'964411589744385','CKX8FUND','向榕','信息管理与信息系统','2018','1','yes'),(230,'945739338695589','ALQ922V','梁鹏','市场营销','2017','2','yes'),(231,'819520325778052','12345','史俊','计算机科学与技术','2017','1','yes'),(232,'387666638250800','QM81AH','杨倧','市场营销','2018','1','yes'),(233,'144398460734628','4G1X0PAP','符茗','信息管理与信息系统','2018','2','yes'),(234,'327291210956086','15O33U06','鱼势','信息管理与信息系统','2017','1','yes'),(235,'403784703238061','P6Z4023R','晏碫','市场营销','2017','2','yes'),(236,'893464847293133','043125','王五','软件工程','2018','2','yes'),(237,'859277455347055','3Y10L8G','杨倧','公共管理','2018','1','yes'),(238,'949744546405102','3M65M0','梁鹏','软件工程','2017','1','yes'),(239,'100198341463902','2HW17B58','萧丞','信息管理与信息系统','2017','1','yes'),(240,'452735537803478','JRPARY','毛蔚','公共管理','2017','2','yes');
/*!40000 ALTER TABLE `eo_student` ENABLE KEYS */;
UNLOCK TABLES;

--
-- Table structure for table `eo_teacher`
--

DROP TABLE IF EXISTS `eo_teacher`;
/*!40101 SET @saved_cs_client     = @@character_set_client */;
 SET character_set_client = utf8mb4 ;
CREATE TABLE `eo_teacher` (
  `id` int(11) NOT NULL AUTO_INCREMENT,
  `username` char(20) NOT NULL,
  `password` varchar(20) NOT NULL DEFAULT '12345',
  `name` char(20) NOT NULL,
  `status` char(5) DEFAULT 'yes',
  PRIMARY KEY (`id`),
  UNIQUE KEY `username_UNIQUE` (`username`)
) ENGINE=InnoDB AUTO_INCREMENT=11 DEFAULT CHARSET=utf8mb4 COLLATE=utf8mb4_0900_ai_ci;
/*!40101 SET character_set_client = @saved_cs_client */;

--
-- Dumping data for table `eo_teacher`
--

LOCK TABLES `eo_teacher` WRITE;
/*!40000 ALTER TABLE `eo_teacher` DISABLE KEYS */;
INSERT INTO `eo_teacher` VALUES (1,'92914895','12345','史烟枫','yes'),(2,'12725436','5AD2w45','康初学','yes'),(3,'86648237','h6508Ns4xA7O','宗菲','yes'),(4,'95424428','0q3x75qY','晋钧','yes'),(5,'69131781','21DW7E35','武彩','yes'),(6,'94928812','123','端木振','yes'),(9,'92914884','12345','杨万楼','yes'),(10,'92914887','12345','张栈','no');
/*!40000 ALTER TABLE `eo_teacher` ENABLE KEYS */;
UNLOCK TABLES;

--
-- Table structure for table `eo_testpaper`
--

DROP TABLE IF EXISTS `eo_testpaper`;
/*!40101 SET @saved_cs_client     = @@character_set_client */;
 SET character_set_client = utf8mb4 ;
CREATE TABLE `eo_testpaper` (
  `id` int(11) NOT NULL AUTO_INCREMENT,
  `title` varchar(20) NOT NULL,
  `start_time` datetime NOT NULL,
  `end_time` datetime NOT NULL,
  `submit_time` datetime DEFAULT NULL,
  `student_id` int(11) NOT NULL,
  `teacher` char(5) NOT NULL,
  `pass_score` char(4) NOT NULL DEFAULT '60',
  `sum_score` char(4) NOT NULL DEFAULT '100',
  `subject` char(20) NOT NULL,
  `student_score` char(4) DEFAULT '0',
  `status` char(5) NOT NULL DEFAULT 'no',
  PRIMARY KEY (`id`)
) ENGINE=InnoDB AUTO_INCREMENT=191 DEFAULT CHARSET=utf8mb4 COLLATE=utf8mb4_0900_ai_ci;
/*!40101 SET character_set_client = @saved_cs_client */;

--
-- Dumping data for table `eo_testpaper`
--

LOCK TABLES `eo_testpaper` WRITE;
/*!40000 ALTER TABLE `eo_testpaper` DISABLE KEYS */;
INSERT INTO `eo_testpaper` VALUES (81,'Java编程基础测试1','2021-05-09 01:00:00','2021-05-09 03:00:00',NULL,231,'史烟枫','60','100','Java程序设计','0','no'),(82,'Java编程基础测试1','2021-05-09 01:00:00','2021-05-09 03:00:00',NULL,209,'史烟枫','60','100','Java程序设计','0','no'),(83,'Java编程基础测试1','2021-05-09 01:00:00','2021-05-09 03:00:00',NULL,181,'史烟枫','60','100','Java程序设计','0','no'),(84,'Java编程基础测试1','2021-05-09 01:00:00','2021-05-09 03:00:00',NULL,159,'史烟枫','60','100','Java程序设计','0','no'),(85,'Java编程基础测试1','2021-05-09 01:00:00','2021-05-09 03:00:00',NULL,131,'史烟枫','60','100','Java程序设计','0','no'),(86,'Java编程基础测试1','2021-05-09 01:00:00','2021-05-09 03:00:00',NULL,109,'史烟枫','60','100','Java程序设计','0','no'),(87,'Java编程基础测试1','2021-05-09 01:00:00','2021-05-09 03:00:00',NULL,81,'史烟枫','60','100','Java程序设计','0','no'),(88,'Java编程基础测试1','2021-05-09 01:00:00','2021-05-09 03:00:00',NULL,59,'史烟枫','60','100','Java程序设计','0','no'),(89,'Java编程基础测试1','2021-05-09 01:00:00','2021-05-09 03:00:00',NULL,31,'史烟枫','60','100','Java程序设计','0','no'),(90,'Java编程基础测试1','2021-05-09 01:00:00','2021-05-09 03:00:00',NULL,9,'史烟枫','60','100','Java程序设计','0','no'),(91,'Java编程基础测试2','2021-05-22 02:00:00','2021-05-22 04:00:00',NULL,231,'史烟枫','60','100','Java程序设计','0','no'),(92,'Java编程基础测试2','2021-05-22 02:00:00','2021-05-22 04:00:00',NULL,209,'史烟枫','60','100','Java程序设计','0','no'),(93,'Java编程基础测试2','2021-05-22 02:00:00','2021-05-22 04:00:00',NULL,181,'史烟枫','60','100','Java程序设计','0','no'),(94,'Java编程基础测试2','2021-05-22 02:00:00','2021-05-22 04:00:00',NULL,159,'史烟枫','60','100','Java程序设计','0','no'),(95,'Java编程基础测试2','2021-05-22 02:00:00','2021-05-22 04:00:00',NULL,131,'史烟枫','60','100','Java程序设计','0','no'),(96,'Java编程基础测试2','2021-05-22 02:00:00','2021-05-22 04:00:00',NULL,109,'史烟枫','60','100','Java程序设计','0','no'),(97,'Java编程基础测试2','2021-05-22 02:00:00','2021-05-22 04:00:00',NULL,81,'史烟枫','60','100','Java程序设计','0','no'),(98,'Java编程基础测试2','2021-05-22 02:00:00','2021-05-22 04:00:00',NULL,59,'史烟枫','60','100','Java程序设计','0','no'),(99,'Java编程基础测试2','2021-05-22 02:00:00','2021-05-22 04:00:00',NULL,31,'史烟枫','60','100','Java程序设计','0','no'),(100,'Java编程基础测试2','2021-05-22 02:00:00','2021-05-22 04:00:00',NULL,9,'史烟枫','60','100','Java程序设计','0','no'),(111,'测试3','2021-05-12 01:00:00','2021-05-12 03:00:00',NULL,231,'史烟枫','60','100','Java程序设计','5','no'),(112,'测试3','2021-05-12 01:00:00','2021-05-12 03:00:00',NULL,209,'史烟枫','60','100','Java程序设计','0','no'),(113,'测试3','2021-05-12 01:00:00','2021-05-12 03:00:00',NULL,181,'史烟枫','60','100','Java程序设计','0','no'),(114,'测试3','2021-05-12 01:00:00','2021-05-12 03:00:00',NULL,159,'史烟枫','60','100','Java程序设计','0','no'),(115,'测试3','2021-05-12 01:00:00','2021-05-12 03:00:00',NULL,131,'史烟枫','60','100','Java程序设计','0','no'),(116,'测试3','2021-05-12 01:00:00','2021-05-12 03:00:00',NULL,109,'史烟枫','60','100','Java程序设计','0','no'),(117,'测试3','2021-05-12 01:00:00','2021-05-12 03:00:00',NULL,81,'史烟枫','60','100','Java程序设计','0','no'),(118,'测试3','2021-05-12 01:00:00','2021-05-12 03:00:00',NULL,59,'史烟枫','60','100','Java程序设计','0','no'),(119,'测试3','2021-05-12 01:00:00','2021-05-12 03:00:00',NULL,31,'史烟枫','60','100','Java程序设计','0','no'),(120,'测试3','2021-05-12 01:00:00','2021-05-12 03:00:00',NULL,9,'史烟枫','60','100','Java程序设计','0','no'),(171,'在线测试1','2021-05-21 02:32:00','2021-05-21 04:00:00','2021-05-21 02:36:54',231,'史烟枫','60','100','Java程序设计','17','no'),(172,'在线测试1','2021-05-21 02:32:00','2021-05-21 04:00:00',NULL,209,'史烟枫','60','100','Java程序设计','0','no'),(173,'在线测试1','2021-05-21 02:32:00','2021-05-21 04:00:00',NULL,181,'史烟枫','60','100','Java程序设计','0','no'),(174,'在线测试1','2021-05-21 02:32:00','2021-05-21 04:00:00',NULL,159,'史烟枫','60','100','Java程序设计','0','no'),(175,'在线测试1','2021-05-21 02:32:00','2021-05-21 04:00:00',NULL,131,'史烟枫','60','100','Java程序设计','0','no'),(176,'在线测试1','2021-05-21 02:32:00','2021-05-21 04:00:00',NULL,109,'史烟枫','60','100','Java程序设计','0','no'),(177,'在线测试1','2021-05-21 02:32:00','2021-05-21 04:00:00',NULL,81,'史烟枫','60','100','Java程序设计','0','no'),(178,'在线测试1','2021-05-21 02:32:00','2021-05-21 04:00:00',NULL,59,'史烟枫','60','100','Java程序设计','0','no'),(179,'在线测试1','2021-05-21 02:32:00','2021-05-21 04:00:00',NULL,31,'史烟枫','60','100','Java程序设计','0','no'),(180,'在线测试1','2021-05-21 02:32:00','2021-05-21 04:00:00',NULL,9,'史烟枫','60','100','Java程序设计','0','no');
/*!40000 ALTER TABLE `eo_testpaper` ENABLE KEYS */;
UNLOCK TABLES;
/*!40103 SET TIME_ZONE=@OLD_TIME_ZONE */;

/*!40101 SET SQL_MODE=@OLD_SQL_MODE */;
/*!40014 SET FOREIGN_KEY_CHECKS=@OLD_FOREIGN_KEY_CHECKS */;
/*!40014 SET UNIQUE_CHECKS=@OLD_UNIQUE_CHECKS */;
/*!40101 SET CHARACTER_SET_CLIENT=@OLD_CHARACTER_SET_CLIENT */;
/*!40101 SET CHARACTER_SET_RESULTS=@OLD_CHARACTER_SET_RESULTS */;
/*!40101 SET COLLATION_CONNECTION=@OLD_COLLATION_CONNECTION */;
/*!40111 SET SQL_NOTES=@OLD_SQL_NOTES */;

-- Dump completed on 2021-05-23 14:59:16
